Date,Home Team,Home Score,Away Team,Away Score
2025-08-28,Savannah,10,Boonville,1
2025-08-28,Osage,2,Eugene,5
2025-08-28,Francis Howell North,3,Eureka,0
2025-08-28,Fox,7,Farmington,1
2025-08-28,Branson,10,Glendale,5
2025-08-28,Moberly,1,Hallsville,12
2025-08-28,Ladue Horton Watkins,0,Hazelwood West,10
2025-08-28,East Carter,2,Kelly,6
2025-08-28,Clark County,17,La Plata,11
2025-08-28,Maysville,4,Lafayette County,5
2025-08-28,Parkway North,0,Lindbergh,14
2025-08-28,New Franklin,2,Marceline,9
2025-08-28,Parkway West,2,Marquette,4
2025-08-28,Halfway,4,Marshfield,14
2025-08-28,North Andrew,14,Maryville,1
2025-08-28,Webb City,10,McDonald County,6
2025-08-28,Ursuline Academy,1,Oakville,5
2025-08-28,Putnam County,0,Princeton,6
2025-08-28,Lathrop,1,Savannah,5
2025-08-28,Jamestown,9,Worth County,5
2025-08-28,Worth County,10,Trenton,4
2025-08-28,Francis Howell Central,12,Washington,4
2025-08-29,Hillcrest,12,Aurora,9
2025-08-29,Seneca,4,Aurora,3
2025-08-29,Liberty,11,Belton,10
2025-08-29,Centralia,6,Belton,4
2025-08-29,Liberty (Wentzville),7,Blair Oaks,1
2025-08-29,Pacific,7,Blair Oaks,13
2025-08-29,Waynesville,0,Bolivar,12
2025-08-29,Timberland,2,Bowling Green,7
2025-08-29,Lafayette (Wildwood),14,Bowling Green,8
2025-08-29,Lebanon,6,Camdenton,13
2025-08-29,Willard,7,Camdenton,0
2025-08-29,Fort Osage,12,Cameron,5
2025-08-29,Hillcrest,7,Carl Junction,8
2025-08-29,Joplin,10,Carl Junction,0
2025-08-29,Sherwood,1,Carthage,13
2025-08-29,Summit Christian Academy,0,Carthage,8
2025-08-29,Hartville,1,Cassville,9
2025-08-29,Bolivar,6,Cassville,4
2025-08-29,Naylor,7,Central (Cape Girardeau),6
2025-08-29,Liberty,0,Centralia,3
2025-08-29,Notre Dame (Cape Girardeau),2,Chaffee,5
2025-08-29,Oak Park,1,Chillicothe,9
2025-08-29,Smithville,0,Chillicothe,3
2025-08-29,Marion County,1,Clopton,4
2025-08-29,Wellsville-Middletown,0,Community,17
2025-08-29,Westran,27,Cuba,2
2025-08-29,Central (Cape Girardeau),0,Doniphan,15
2025-08-29,Cor Jesu Academy,0,Doniphan,2
2025-08-29,St. Clair,5,East Carter,1
2025-08-29,St. Joseph's Academy,2,Elsberry,4
2025-08-29,Festus,3,Elsberry,1
2025-08-29,DeSoto,14,Farmington,2
2025-08-29,Pacific,5,Fatima,8
2025-08-29,Jefferson City,1,Festus,2
2025-08-29,Winfield,2,Francis Howell Central,10
2025-08-29,St. Dominic,8,Francis Howell Central,2
2025-08-29,Parkway South,9,Fredericktown,5
2025-08-29,Van Buren,1,Fredericktown,17
2025-08-29,Parkway West,10,Ft. Zumwalt East,0
2025-08-29,Macon,0,Ft. Zumwalt West,14
2025-08-29,Summit Christian Academy,8,Glendale,4
2025-08-29,Sherwood,4,Glendale,9
2025-08-29,Kearney,2,Grain Valley,1
2025-08-29,Walnut Grove,1,Halfway,13
2025-08-29,Ozark,0,Helias Catholic,10
2025-08-29,Humansville,6,Hermitage,12
2025-08-29,Highland,10,Hickman,9
2025-08-29,Troy Buchanan,9,Hickman,4
2025-08-29,Troy Buchanan,7,Highland,3
2025-08-29,Grain Valley,17,Holden,4
2025-08-29,Kearney,12,Holden,2
2025-08-29,California,3,Iberia,0
2025-08-29,Parkway South,4,Jackson,3
2025-08-29,Van Buren,0,Jackson,11
2025-08-29,Kelly,12,Jackson,0
2025-08-29,Neelyville,11,Jackson,1
2025-08-29,Parkway Central,17,Jefferson (Festus),3
2025-08-29,St. Joseph's Academy,14,Jefferson City,3
2025-08-29,Seneca,5,Joplin,6
2025-08-29,Incarnate Word Academy,9,Kelly,5
2025-08-29,Timberland,4,Lafayette (Wildwood),5
2025-08-29,Wheatland,9,Lebanon,15
2025-08-29,William Chrisman,1,Lee's Summit,16
2025-08-29,Pleasant Hill,3,Lee's Summit,7
2025-08-29,Cameron,3,Lee's Summit North,7
2025-08-29,Fort Osage,0,Lee's Summit North,3
2025-08-29,Odessa,5,Lee's Summit West,4
2025-08-29,St. Elizabeth,4,Lee's Summit West,2
2025-08-29,St. Michael the Archangel,20,Lincoln College Prep,3
2025-08-29,North Kansas City,17,Lincoln College Prep,0
2025-08-29,Windsor (Imperial),7,Linn,0
2025-08-29,Father Tolton,11,Logan-Rogersville,0
2025-08-29,Linn,4,Logan-Rogersville,1
2025-08-29,Mexico,2,Logan-Rogersville,5
2025-08-29,Branson,0,Marion C. Early,4
2025-08-29,Republic,2,Marion C. Early,0
2025-08-29,Father Tolton,3,Mexico,2
2025-08-29,Washington,11,Mexico,6
2025-08-29,Cor Jesu Academy,11,Naylor,0
2025-08-29,Incarnate Word Academy,7,Neelyville,4
2025-08-29,St. Michael the Archangel,19,North Kansas City,0
2025-08-29,Parkway North,0,North Point,11
2025-08-29,Capital City,7,Northwest (Cedar Hill),6
2025-08-29,Webb City,0,Northwest (Cedar Hill),12
2025-08-29,Walnut Grove,2,Norwood,13
2025-08-29,Madison,5,Novinger,15
2025-08-29,Platte County,3,Oak Grove,7
2025-08-29,Smithville,12,Oak Park,8
2025-08-29,St. Elizabeth,5,Odessa,12
2025-08-29,Westminster Christian Academy,1,Rockwood Summit,2
2025-08-29,Warrenton,6,Rolla,11
2025-08-29,Van-Far,10,Rolla,2
2025-08-29,Winnetonka,15,Ruskin,0
2025-08-29,St. Teresa's Academy,25,Ruskin,3
2025-08-29,Notre Dame (Cape Girardeau),24,Sikeston,2
2025-08-29,Mid-Buchanan,5,Savannah,2
2025-08-29,St. Charles,1,Savannah,5
2025-08-29,Ursuline Academy,6,St. Charles,8
2025-08-29,Linn,10,Webb City,2
2025-08-29,Webster Groves,6,Webb City,3
2025-08-29,Mid-Buchanan,11,St. Charles,0
2025-08-29,Van-Far,7,Union,6
2025-08-29,Warrenton,4,Union,13
2025-08-29,Capital City,4,Washington,11
2025-08-29,Hartville,2,Waynesville,7
2025-08-29,Capital City,3,Webster Groves,2
2025-08-29,Fatima,7,Webster Groves,3
2025-08-29,Republic,11,West Plains,3
2025-08-29,Branson,7,West Plains,10
2025-08-29,Van-Far,2,Westran,12
2025-08-29,Wheatland,2,Willard,6
2025-08-29,Pleasant Hill,13,William Chrisman,3
2025-08-29,Liberty (Wentzville),8,Windsor (Imperial),3
2025-08-29,Father Tolton,8,Windsor (Imperial),3
2025-08-29,St. Dominic,9,Winfield,3
2025-08-29,St. Teresa's Academy,6,Winnetonka,7
2025-08-30,Joplin,15,Aurora,3
2025-08-30,Carl Junction,16,Aurora,0
2025-08-30,Holden,4,Belton,5
2025-08-30,Lee's Summit West,12,Belton,5
2025-08-30,Excelsior Springs,8,Benton,10
2025-08-30,Lathrop,6,Benton,4
2025-08-30,Windsor (Imperial),10,Blair Oaks,4
2025-08-30,Willard,11,Bolivar,5
2025-08-30,Eugene,18,Boonville,8
2025-08-30,Fayette,3,Boonville,4
2025-08-30,Wright City,6,Boonville,8
2025-08-30,Macon,13,Bowling Green,0
2025-08-30,Highland,5,Bowling Green,4
2025-08-30,Wheatland,12,Branson,3
2025-08-30,Sherwood,3,Branson,13
2025-08-30,Marion C. Early,3,Camdenton,4
2025-08-30,Summit Christian Academy,12,Camdenton,4
2025-08-30,Seneca,3,Carl Junction,7
2025-08-30,California,3,Carrollton,4
2025-08-30,Marshall,3,Carrollton,13
2025-08-30,Warrensburg,2,Carrollton,12
2025-08-30,Bolivar,7,Carthage,5
2025-08-30,Republic,6,Carthage,5
2025-08-30,Summit Christian Academy,1,Cassville,0
2025-08-30,Marion C. Early,0,Cassville,8
2025-08-30,Van Buren,10,Central (Cape Girardeau),1
2025-08-30,Oak Grove,1,Centralia,0
2025-08-30,Kearney,9,Centralia,1
2025-08-30,Odessa,6,Centralia,9
2025-08-30,Incarnate Word Academy,2,Chaffee,12
2025-08-30,Mid-Buchanan,0,Chillicothe,3
2025-08-30,Lee's Summit North,2,Chillicothe,7
2025-08-30,Lee's Summit,6,Chillicothe,2
2025-08-30,Humansville,26,Climax Springs,7
2025-08-30,Kirksville,10,Clinton,1
2025-08-30,New Franklin,8,Clinton,7
2025-08-30,Fulton,4,Clinton,10
2025-08-30,Russellville,19,Community,0
2025-08-30,Parkway South,6,Doniphan,1
2025-08-30,Incarnate Word Academy,5,Doniphan,6
2025-08-30,North Platte,15,East Buchanan,0
2025-08-30,Lexington,16,East Buchanan,1
2025-08-30,Harrisburg,4,Eldon,6
2025-08-30,New Bloomfield,4,Eldon,2
2025-08-30,Jefferson City,0,Elsberry,2
2025-08-30,Union,0,Elsberry,15
2025-08-30,New Franklin,3,Eugene,4
2025-08-30,Lathrop,10,Excelsior Springs,6
2025-08-30,Liberty (Wentzville),9,Fatima,4
2025-08-30,New Franklin,7,Fayette,8
2025-08-30,St. Joseph's Academy,2,Festus,4
2025-08-30,Van-Far,7,Festus,10
2025-08-30,Highland,3,Francis Howell Central,6
2025-08-30,Macon,6,Francis Howell Central,16
2025-08-30,Naylor,3,Fredericktown,14
2025-08-30,North Point,12,Ft. Zumwalt South,10
2025-08-30,Hannibal,2,Ft. Zumwalt South,9
2025-08-30,Troy Buchanan,3,Ft. Zumwalt West,4
2025-08-30,Lafayette (Wildwood),8,Ft. Zumwalt West,11
2025-08-30,Fayette,8,Fulton,6
2025-08-30,Wright City,11,Fulton,0
2025-08-30,Waynesville,2,Glendale,9
2025-08-30,West Plains,4,Glendale,5
2025-08-30,Pleasant Hill,0,Grain Valley,3
2025-08-30,St. Elizabeth,2,Grain Valley,7
2025-08-30,Norwood,3,Halfway,13
2025-08-30,Ozark,3,Halfway,2
2025-08-30,Harrisburg,7,Hallsville,0
2025-08-30,Van-Far,0,Hallsville,9
2025-08-30,North Point,13,Hannibal,4
2025-08-30,Sherwood,2,Hartville,11
2025-08-30,Wheatland,4,Hartville,3
2025-08-30,St. Clair,2,Hermann,17
2025-08-30,Montgomery County,8,Hermann,1
2025-08-30,Russellville,8,Hermann,5
2025-08-30,Winfield,7,Hickman,3
2025-08-30,Seneca,6,Hillcrest,3
2025-08-30,William Chrisman,0,Holden,17
2025-08-30,St. Charles,8,Holden,7
2025-08-30,Weaubleau,1,Humansville,12
2025-08-30,Cor Jesu Academy,4,Jackson,9
2025-08-30,Notre Dame (Cape Girardeau),1,Jackson,4
2025-08-30,Van Buren,2,Jackson,5
2025-08-30,Sikeston,4,Jackson,14
2025-08-30,Warrenton,3,Jefferson City,11
2025-08-30,Hillcrest,0,Joplin,12
2025-08-30,Mid-Buchanan,4,Kearney,3
2025-08-30,Naylor,1,Kelly,18
2025-08-30,Helias Catholic,8,Kickapoo,4
2025-08-30,Eugene,8,Kirksville,7
2025-08-30,Wright City,5,Kirksville,7
2025-08-30,Marshall,16,Knob Noster,1
2025-08-30,Lafayette County,22,Knob Noster,8
2025-08-30,St. Dominic,4,Lafayette (Wildwood),5
2025-08-30,Trenton,10,Lafayette County,0
2025-08-30,Oak Park,5,Lafayette County,7
2025-08-30,Warrensburg,7,Lafayette County,16
2025-08-30,Oak Grove,2,Lee's Summit,8
2025-08-30,Kearney,3,Lee's Summit,4
2025-08-30,Odessa,2,Lee's Summit North,5
2025-08-30,Oak Grove,12,Lee's Summit North,2
2025-08-30,Cameron,0,Lee's Summit West,8
2025-08-30,St. Charles,1,Lee's Summit West,6
2025-08-30,North Platte,16,Lexington,4
2025-08-30,Platte County,3,Liberty,7
2025-08-30,Grain Valley,6,Liberty,3
2025-08-30,Smithville,7,Liberty,16
2025-08-30,Ruskin,13,Lincoln College Prep,10
2025-08-30,St. Teresa's Academy,20,Lincoln College Prep,0
2025-08-30,Washington,9,Linn,7
2025-08-30,Washington,9,Logan-Rogersville,7
2025-08-30,Pacific,7,Logan-Rogersville,13
2025-08-30,Montgomery County,11,Louisiana,1
2025-08-30,Community,0,Louisiana,22
2025-08-30,Russellville,4,Louisiana,7
2025-08-30,Mark Twain,8,Marceline,12
2025-08-30,North Shelby,12,Marceline,7
2025-08-30,Polo,9,Maryville,8
2025-08-30,Bishop LeBlond,17,Maryville,7
2025-08-30,Marshfield,8,McDonald County,7
2025-08-30,Capital City,13,Mexico,3
2025-08-30,Linn,9,Mexico,3
2025-08-30,Westran,7,Moberly,8
2025-08-30,Mark Twain,7,Moberly,5
2025-08-30,Palmyra,11,Moberly,12
2025-08-30,Westran,2,Monroe City,16
2025-08-30,Mark Twain,6,Monroe City,10
2025-08-30,North Shelby,9,Monroe City,4
2025-08-30,Cor Jesu Academy,13,Neelyville,0
2025-08-30,Notre Dame (Cape Girardeau),18,Neelyville,2
2025-08-30,Schuyler County,3,New Bloomfield,5
2025-08-30,Hallsville,5,North Callaway,3
2025-08-30,Eldon,5,North Callaway,0
2025-08-30,Schuyler County,1,North Callaway,14
2025-08-30,Winnetonka,17,North Kansas City,2
2025-08-30,Ruskin,1,North Kansas City,14
2025-08-30,Liberty (Wentzville),9,Northwest (Cedar Hill),2
2025-08-30,Blair Oaks,5,Northwest (Cedar Hill),4
2025-08-30,Fatima,2,Northwest (Cedar Hill),3
2025-08-30,Cameron,4,Oak Park,6
2025-08-30,St. Charles,2,Oak Park,1
2025-08-30,Mid-Buchanan,10,Odessa,5
2025-08-30,Westran,7,Owensville,8
2025-08-30,Marceline,7,Owensville,1
2025-08-30,Palmyra,13,Owensville,4
2025-08-30,Norwood,3,Ozark,5
2025-08-30,North Shelby,7,Palmyra,1
2025-08-30,Chaffee,6,Parkway South,7
2025-08-30,Savannah,0,Platte County,7
2025-08-30,Pleasant Hill,4,Platte County,13
2025-08-30,Bishop LeBlond,7,Plattsburg,11
2025-08-30,Polo,1,Plattsburg,11
2025-08-30,Fort Osage,7,Pleasant Hill,8
2025-08-30,Union,9,Rolla,6
2025-08-30,St. Joseph's Academy,4,Rolla,5
2025-08-30,Excelsior Springs,3,Savannah,4
2025-08-30,Benton,0,Savannah,8
2025-08-30,Lathrop,2,Savannah,9
2025-08-30,Central (Cape Girardeau),18,Sikeston,7
2025-08-30,Smithville,7,Savannah,2
2025-08-30,Fort Osage,1,Savannah,2
2025-08-30,St. Elizabeth,9,Smithville,3
2025-08-30,Fort Osage,3,St. Elizabeth,13
2025-08-30,Harrisburg,2,Southern Boone,4
2025-08-30,Van-Far,1,Southern Boone,13
2025-08-30,New Bloomfield,8,Southern Boone,9
2025-08-30,Montgomery County,16,St. Clair,1
2025-08-30,Community,14,St. Clair,2
2025-08-30,Warrenton,0,Van-Far,14
2025-08-30,Notre Dame de Sion,1,St. Pius X (Kansas City),16
2025-08-30,St. Michael the Archangel,14,St. Teresa's Academy,2
2025-08-30,Father Tolton,4,Webb City,5
2025-08-30,Capital City,11,Webb City,9
2025-08-30,Winfield,7,Timberland,0
2025-08-30,Marshall,9,Trenton,0
2025-08-30,California,4,Trenton,5
2025-08-30,St. Dominic,2,Troy Buchanan,3
2025-08-30,California,9,Warrensburg,1
2025-08-30,Father Tolton,4,Washington,11
2025-08-30,Lebanon,5,Waynesville,12
2025-08-30,Windsor (Imperial),5,Webster Groves,2
2025-08-30,Pacific,4,Webster Groves,5
2025-08-30,Lebanon,9,West Plains,15
2025-08-30,Republic,1,Willard,6
2025-08-30,Cameron,8,William Chrisman,5
2025-08-30,St. Michael the Archangel,4,Winnetonka,5
2025-09-01,Lexington,6,Clinton,3
2025-09-01,Hannibal,7,Fulton,11
2025-09-01,Centralia,13,Macon,0
2025-09-02,Branson,3,Aurora,6
2025-09-02,Fort Osage,0,Blue Springs,10
2025-09-02,Hickman,15,Boonville,4
2025-09-02,St. Elizabeth,11,Brookfield,1
2025-09-02,Warrensburg,4,Camdenton,17
2025-09-02,Clopton,5,Canton,3
2025-09-02,Schuyler County,5,Carrollton,15
2025-09-02,Marion C. Early,0,Cassville,6
2025-09-02,East Carter,5,Central (Cape Girardeau),6
2025-09-02,Perryville,7,Central (Cape Girardeau),17
2025-09-02,Raytown South,0,Central (St. Joseph),26
2025-09-02,Blair Oaks,2,Centralia,10
2025-09-02,Mid-Buchanan,2,Chillicothe,3
2025-09-02,North Platte,3,DeKalb,2
2025-09-02,Newburg,2,Dixon,10
2025-09-02,Bishop LeBlond,20,East Buchanan,7
2025-09-02,Perryville,1,East Carter,8
2025-09-02,Kirkwood,1,Eureka,11
2025-09-02,Parkway West,0,Eureka,6
2025-09-02,Cameron,4,Excelsior Springs,8
2025-09-02,Festus,8,Farmington,1
2025-09-02,Parkway South,5,Fox,6
2025-09-02,Cor Jesu Academy,7,Fox,6
2025-09-02,Ft. Zumwalt West,0,Francis Howell,11
2025-09-02,Troy Buchanan,0,Francis Howell Central,10
2025-09-02,Parkway Central,0,Francis Howell North,1
2025-09-02,Hillsboro,4,Francis Howell North,9
2025-09-02,Jefferson (Festus),3,Fredericktown,18
2025-09-02,Ft. Zumwalt East,12,Ft. Zumwalt North,11
2025-09-02,Eldon,12,Fulton,1
2025-09-02,Putnam County,1,Gallatin,7
2025-09-02,Parkview,4,Glendale,20
2025-09-02,Lee's Summit West,14,Grain Valley,5
2025-09-02,Community,1,Harrisburg,9
2025-09-02,Nevada,1,Harrisonville,16
2025-09-02,STEAM Academy,7,Hazelwood West,20
2025-09-02,Montgomery County,4,Hermann,2
2025-09-02,Bowling Green,3,Highland,13
2025-09-02,Parkway Central,3,Hillsboro,1
2025-09-02,Chaffee,12,Kelly,3
2025-09-02,Willard,3,Kickapoo,9
2025-09-02,Clark County,1,Kirksville,13
2025-09-02,Parkway West,11,Kirkwood,0
2025-09-02,North Shelby,14,Knox County,1
2025-09-02,St. Joseph's Academy,1,Lafayette (Wildwood),16
2025-09-02,Richmond,1,Lawson,16
2025-09-02,Joplin,9,Lebanon,6
2025-09-02,Blue Springs South,15,Lee's Summit North,3
2025-09-02,Lee's Summit,0,Liberty,5
2025-09-02,Oakville,1,Lindbergh,12
2025-09-02,Palmyra,4,Louisiana,6
2025-09-02,Hallsville,1,Macon,11
2025-09-02,Polo,0,Marceline,14
2025-09-02,Webster Groves,0,Marquette,15
2025-09-02,Lathrop,11,Maryville,1
2025-09-02,Milan,0,Maysville,11
2025-09-02,Carl Junction,13,McDonald County,8
2025-09-02,Green City,8,Meadville,7
2025-09-02,Marshall,5,Mexico,13
2025-09-02,Marshfield,12,Monett,1
2025-09-02,Father Tolton,2,New Bloomfield,0
2025-09-02,Webb City,4,Nixa,6
2025-09-02,Worth County,12,North Andrew,10
2025-09-02,Seckman,15,North County,3
2025-09-02,Timberland,6,North Point,2
2025-09-02,Westran,0,Northeast (Cairo),4
2025-09-02,Rockwood Summit,1,Northwest (Cedar Hill),4
2025-09-02,Hillcrest,2,Norwood,1
2025-09-02,Marion County,9,Novinger,5
2025-09-02,Holden,3,Oak Grove,4
2025-09-02,Grandview,0,Oak Park,15
2025-09-02,Savannah,3,Odessa,0
2025-09-02,Winfield,9,Orchard Farm,1
2025-09-02,Halfway,1,Osage,7
2025-09-02,Republic,7,Ozark,5
2025-09-02,Cuba,3,Pacific,14
2025-09-02,Liberty North,2,Park Hill,1
2025-09-02,Ritenour,10,Parkway North,2
2025-09-02,Westminster Christian Academy,15,Parkway North,0
2025-09-02,Cor Jesu Academy,6,Parkway South,10
2025-09-02,Affton,9,Pattonville,7
2025-09-02,Summit Christian Academy,11,Plattsburg,1
2025-09-02,Belton,2,Raymore-Peculiar,5
2025-09-02,North Kansas City,0,Raytown,10
2025-09-02,Crocker,3,Richland,12
2025-09-02,Westminster Christian Academy,16,Ritenour,1
2025-09-02,Helias Catholic,7,Rolla,3
2025-09-02,Winnetonka,17,Ruskin,0
2025-09-02,California,8,Russellville,7
2025-09-02,La Plata,8,Schuyler County,9
2025-09-02,Carthage,7,Seneca,6
2025-09-02,Naylor,19,Sikeston,5
2025-09-02,Platte County,9,Smithville,6
2025-09-02,North Callaway,13,South Callaway,1
2025-09-02,Fatima,7,Southern Boone,8
2025-09-02,Holt,15,St. Charles,1
2025-09-02,Owensville,0,St. Joseph's Academy,12
2025-09-02,Eugene,17,St. James,0
2025-09-02,Lincoln College Prep,7,St. Michael the Archangel,23
2025-09-02,West Platte,11,St. Pius X (Kansas City),0
2025-09-02,Park Hill South,2,Staley,10
2025-09-02,Albany,4,Stanberry,7
2025-09-02,Brashear,0,Worth County,8
2025-09-02,St. Clair,14,Van Buren,1
2025-09-02,Ft. Zumwalt South,6,Washington,17
2025-09-02,St. Charles,15,William Chrisman,0
2025-09-02,St. Clair,0,Wright City,15
2025-09-03,Hancock,2,Affton,17
2025-09-03,Kickapoo,10,Branson,0
2025-09-03,Bolivar,17,Camdenton,4
2025-09-03,Lafayette County,5,Cameron,2
2025-09-03,Linn,8,Capital City,1
2025-09-03,Notre Dame (Cape Girardeau),2,Chaffee,3
2025-09-03,Ladue Horton Watkins,17,Clayton,6
2025-09-03,Westminster Christian Academy,1,Cor Jesu Academy,11
2025-09-03,Union,2,DeSoto,6
2025-09-03,Ritenour,0,Eureka,13
2025-09-03,Parkway Central,1,Eureka,11
2025-09-03,Northwest (Cedar Hill),5,Festus,8
2025-09-03,Lafayette (Wildwood),2,Francis Howell Central,12
2025-09-03,Cor Jesu Academy,2,Francis Howell North,5
2025-09-03,Parkway West,9,Francis Howell North,0
2025-09-03,Orchard Farm,3,Ft. Zumwalt North,6
2025-09-03,Harrisburg,2,Hallsville,0
2025-09-03,Webb City,0,Helias Catholic,14
2025-09-03,Lindbergh,5,Jackson,4
2025-09-03,Blue Springs,6,Kearney,9
2025-09-03,Savannah,17,Knob Noster,1
2025-09-03,Cuba,4,Lebanon,20
2025-09-03,North Point,0,Liberty (Wentzville),5
2025-09-03,Liberty,7,Liberty North,4
2025-09-03,Cassville,3,Logan-Rogersville,6
2025-09-03,Glendale,6,Marion C. Early,7
2025-09-03,Monroe City,8,Mark Twain,7
2025-09-03,DeKalb,8,Maysville,0
2025-09-03,Pattonville,4,Mehlville,10
2025-09-03,St. Pius X (Kansas City),1,Mid-Buchanan,13
2025-09-03,Poplar Bluff,5,North County,6
2025-09-03,Bishop LeBlond,1,North Platte,7
2025-09-03,Highland,1,North Shelby,5
2025-09-03,North Kansas City,17,Notre Dame de Sion,3
2025-09-03,Marshall,0,Oak Grove,10
2025-09-03,Staley,0,Park Hill,1
2025-09-03,Lee's Summit North,12,Park Hill South,5
2025-09-03,Parkway South,7,Parkway Central,8
2025-09-03,Ritenour,0,Parkway South,16
2025-09-03,Westminster Christian Academy,1,Parkway West,4
2025-09-03,Lee's Summit West,10,Pleasant Hill,4
2025-09-03,Schuyler County,2,Princeton,17
2025-09-03,Brookfield,1,Putnam County,0
2025-09-03,Ruskin,12,Raytown South,22
2025-09-03,Moberly,7,Schuyler County,9
2025-09-03,Central (St. Joseph),6,Savannah,9
2025-09-03,Rockwood Summit,18,Seckman,0
2025-09-03,Odessa,15,St. Michael the Archangel,7
2025-09-03,St. Elizabeth,20,Tri-County,0
2025-09-03,Platte County,13,St. Charles,0
2025-09-03,Jefferson City,11,Warrensburg,1
2025-09-03,St. Joseph's Academy,12,Warrenton,1
2025-09-03,Ft. Zumwalt West,16,Washington,2
2025-09-03,Ursuline Academy,0,Webster Groves,7
2025-09-03,Parkview,0,Wheatland,15
2025-09-03,St. Dominic,1,Winfield,2
2025-09-04,Hartville,3,Aurora,2
2025-09-04,Smithville,3,Belton,5
2025-09-04,Cameron,16,Bishop LeBlond,2
2025-09-04,Eugene,9,Blair Oaks,10
2025-09-04,Hallsville,4,Boonville,5
2025-09-04,North Shelby,18,Brashear,0
2025-09-04,Van-Far,2,California,3
2025-09-04,Russellville,10,Camdenton,11
2025-09-04,Glendale,8,Carthage,5
2025-09-04,Marshfield,14,Cassville,2
2025-09-04,Notre Dame (Cape Girardeau),16,Central (Cape Girardeau),1
2025-09-04,Van Buren,0,Chaffee,15
2025-09-04,Lawson,0,Chillicothe,2
2025-09-04,Hermann,11,Community,6
2025-09-04,Newburg,4,Crocker,14
2025-09-04,East Buchanan,2,DeKalb,17
2025-09-04,Westran,4,Dixon,6
2025-09-04,Kelly,5,Doniphan,0
2025-09-04,Notre Dame (Cape Girardeau),10,Doniphan,0
2025-09-04,Wright City,0,Elsberry,10
2025-09-04,Parkway West,5,Eureka,1
2025-09-04,Worth County,8,Fayette,4
2025-09-04,Raytown,6,Fort Osage,16
2025-09-04,Kirkwood,4,Fox,3
2025-09-04,Parkway North,6,Fox,12
2025-09-04,Parkway Central,0,Francis Howell North,18
2025-09-04,Washington,8,Ft. Zumwalt East,9
2025-09-04,North Point,9,Ft. Zumwalt South,8
2025-09-04,Liberty (Wentzville),1,Ft. Zumwalt West,13
2025-09-04,Ruskin,13,Grandview,10
2025-09-04,Novinger,10,Green City,11
2025-09-04,Climax Springs,0,Halfway,15
2025-09-04,Mehlville,16,Hancock,1
2025-09-04,Affton,3,Hazelwood West,18
2025-09-04,Rolla,2,Hickman,12
2025-09-04,La Plata,8,Higbee,9
2025-09-04,Kirkwood,3,Hillsboro,16
2025-09-04,Parkway North,0,Hillsboro,10
2025-09-04,Pleasant Hill,4,Holden,11
2025-09-04,Hermitage,6,Humansville,7
2025-09-04,Raymore-Peculiar,4,Kearney,8
2025-09-04,Central (Cape Girardeau),2,Kelly,5
2025-09-04,Harrisonville,17,Knob Noster,2
2025-09-04,Canton,13,Knox County,4
2025-09-04,Penney,5,Lafayette County,4
2025-09-04,Maysville,2,Lathrop,12
2025-09-04,Owensville,0,Linn,11
2025-09-04,Bowling Green,3,Louisiana,6
2025-09-04,Monroe City,1,Macon,11
2025-09-04,Atlanta,0,Marion County,12
2025-09-04,Fulton,16,Marshall,17
2025-09-04,Joplin,2,McDonald County,3
2025-09-04,Savannah,1,Mid-Buchanan,5
2025-09-04,Marceline,22,Milan,0
2025-09-04,Kirksville,2,Moberly,1
2025-09-04,Logan-Rogersville,6,Monett,3
2025-09-04,Silex,3,Montgomery County,5
2025-09-04,East Carter,1,Naylor,11
2025-09-04,Clayton,17,Normandy Collaborative,1
2025-09-04,Van-Far,1,North Callaway,13
2025-09-04,Farmington,6,North County,8
2025-09-04,Stanberry,16,North Harrison,1
2025-09-04,Park Hill,17,North Kansas City,0
2025-09-04,Seckman,6,Northwest (Cedar Hill),4
2025-09-04,Walnut Grove,1,Norwood,11
2025-09-04,Mark Twain,2,Palmyra,4
2025-09-04,Cor Jesu Academy,9,Parkway South,8
2025-09-04,Windsor (Imperial),11,Perryville,1
2025-09-04,Liberty North,7,Platte County,2
2025-09-04,Gallatin,10,Polo,0
2025-09-04,Worth County,2,Princeton,6
2025-09-04,William Chrisman,23,Raytown South,0
2025-09-04,Nixa,9,Republic,6
2025-09-04,Iberia,12,Richland,2
2025-09-04,Westminster Christian Academy,11,Ritenour,5
2025-09-04,South Shelby,3,Schuyler County,4
2025-09-04,Clark County,12,Scotland County,7
2025-09-04,St. Michael the Archangel,5,Sherwood,1
2025-09-04,Trenton,1,St. Elizabeth,11
2025-09-04,Eldon,0,Southern Boone,15
2025-09-04,St. Joseph's Academy,2,St. Dominic,11
2025-09-04,Osage,18,St. James,0
2025-09-04,St. Joseph's Academy,15,St. Pius X (Festus),0
2025-09-04,Lee's Summit,7,Staley,9
2025-09-04,Carrollton,8,Summit Christian Academy,5
2025-09-04,Ft. Zumwalt North,1,Timberland,11
2025-09-04,Francis Howell,3,Troy Buchanan,4
2025-09-04,Grain Valley,12,St. Charles,1
2025-09-04,Sikeston,5,St. Clair,16
2025-09-04,Fatima,1,Union,4
2025-09-04,Odessa,15,Warrensburg,7
2025-09-04,Holt,7,Warrenton,6
2025-09-04,Waynesville,2,Webb City,12
2025-09-04,Incarnate Word Academy,13,Webster Groves,5
2025-09-04,Clopton,17,Wellsville-Middletown,0
2025-09-04,Madison,2,Westran,23
2025-09-04,Ozark,1,Willard,8
2025-09-04,St. Charles,0,Winfield,12
2025-09-05,Ozark,1,Blue Springs,15
2025-09-05,West Plains,0,Bolivar,15
2025-09-05,West Plains,5,Branson,11
2025-09-05,Fatima,17,Capital City,1
2025-09-05,Hillcrest,6,Carl Junction,10
2025-09-05,Bolivar,6,Carl Junction,12
2025-09-05,Marshfield,13,Carl Junction,2
2025-09-05,Harrisburg,15,Clark County,2
2025-09-05,Newburg,5,Crocker,15
2025-09-05,Northwest (Cedar Hill),0,DeSoto,8
2025-09-05,Iberia,13,Dixon,2
2025-09-05,Timberland,5,Doniphan,2
2025-09-05,St. Pius X (Festus),0,Doniphan,19
2025-09-05,St. Pius X (Festus),13,East Carter,5
2025-09-05,Rockwood Summit,8,Festus,4
2025-09-05,Marquette,10,Festus,6
2025-09-05,Silex,1,Francis Howell,9
2025-09-05,Jackson,5,Francis Howell,0
2025-09-05,Warrenton,2,Francis Howell Central,17
2025-09-05,Parkway Central,1,Francis Howell Central,11
2025-09-05,Lindbergh,10,Ft. Zumwalt North,6
2025-09-05,Neelyville,5,Ft. Zumwalt North,11
2025-09-05,West Platte,0,Ft. Zumwalt West,10
2025-09-05,Lafayette (Wildwood),0,Ft. Zumwalt West,8
2025-09-05,St. Dominic,1,Highland,4
2025-09-05,Windsor (Imperial),5,Highland,12
2025-09-05,West Plains,9,Hillcrest,5
2025-09-05,Halfway,24,Humansville,0
2025-09-05,Glasgow,3,Jamestown,0
2025-09-05,Park Hill South,8,Joplin,4
2025-09-05,Raymore-Peculiar,9,Joplin,0
2025-09-05,Lindbergh,1,Kickapoo,6
2025-09-05,Neelyville,0,Kickapoo,10
2025-09-05,Incarnate Word Academy,4,Lafayette (Wildwood),16
2025-09-05,McDonald County,5,Lee's Summit North,12
2025-09-05,Summit Christian Academy,1,Lee's Summit West,8
2025-09-05,Brashear,13,Linn County,1
2025-09-05,Branson,0,Logan-Rogersville,8
2025-09-05,Bolivar,0,Logan-Rogersville,6
2025-09-05,New Franklin,16,Madison,9
2025-09-05,Bevier,7,Marion County,9
2025-09-05,Winfield,0,Marquette,1
2025-09-05,Branson,0,Marshfield,4
2025-09-05,Logan-Rogersville,0,Marshfield,11
2025-09-05,Webb City,10,McDonald County,0
2025-09-05,Tri-County,6,Meadville,8
2025-09-05,New Bloomfield,2,Northeast (Cairo),5
2025-09-05,St. Dominic,3,Parkway Central,5
2025-09-05,Parkway North,3,Parkway South,13
2025-09-05,Savannah,1,Republic,3
2025-09-05,Westran,11,Richland,1
2025-09-05,Winfield,2,Rockwood Summit,3
2025-09-05,Nixa,3,Savannah,7
2025-09-05,Silex,3,Southern Boone,6
2025-09-05,Jackson,5,Southern Boone,12
2025-09-05,Jefferson City,3,Van-Far,4
2025-09-05,Notre Dame (Cape Girardeau),6,Timberland,5
2025-09-05,Naylor,2,St. Clair,4
2025-09-05,Pattonville,35,University City,28
2025-09-05,Wright City,11,Valley Park,2
2025-09-05,Notre Dame (Cape Girardeau),10,Van Buren,0
2025-09-05,Incarnate Word Academy,3,West Platte,7
2025-09-05,Elsberry,1,Westminster Christian Academy,3
2025-09-06,Princeton,2,Albany,4
2025-09-06,North Harrison,2,Albany,12
2025-09-06,Stanberry,3,Albany,12
2025-09-06,Liberty,9,Blue Springs South,4
2025-09-06,Montgomery County,4,Brookfield,1
2025-09-06,Clark County,12,Brookfield,15
2025-09-06,South Shelby,3,Canton,11
2025-09-06,Montgomery County,10,Canton,4
2025-09-06,St. Pius X (Festus),6,Central (Cape Girardeau),10
2025-09-06,Van Buren,15,Central (Cape Girardeau),3
2025-09-06,Knox County,10,Clark County,13
2025-09-06,Marceline,10,Clopton,0
2025-09-06,Community,5,Clopton,2
2025-09-06,Marceline,6,Community,3
2025-09-06,Perryville,4,DeSoto,8
2025-09-06,Doniphan,6,DeSoto,1
2025-09-06,Seckman,12,DeSoto,5
2025-09-06,Perryville,3,Doniphan,20
2025-09-06,Fredericktown,1,Doniphan,16
2025-09-06,Francis Howell,6,Festus,2
2025-09-06,Neelyville,1,Festus,14
2025-09-06,Incarnate Word Academy,12,Festus,7
2025-09-06,Kelly,11,Fox,1
2025-09-06,Notre Dame (Cape Girardeau),9,Fox,2
2025-09-06,West Platte,1,Francis Howell,12
2025-09-06,Winfield,1,Francis Howell,5
2025-09-06,Windsor (Imperial),4,Francis Howell Central,5
2025-09-06,Seckman,3,Fredericktown,5
2025-09-06,Sikeston,0,Fredericktown,15
2025-09-06,West Platte,9,Ft. Zumwalt North,2
2025-09-06,Winfield,12,Ft. Zumwalt North,1
2025-09-06,Incarnate Word Academy,4,Ft. Zumwalt North,8
2025-09-06,Lindbergh,2,Ft. Zumwalt West,6
2025-09-06,Marquette,2,Ft. Zumwalt West,18
2025-09-06,Jackson,0,Ft. Zumwalt West,10
2025-09-06,Raytown,19,Grandview,1
2025-09-06,Milan,0,Green City,10
2025-09-06,Canton,5,Hannibal,4
2025-09-06,Brookfield,12,Hannibal,3
2025-09-06,Warrenton,4,Highland,12
2025-09-06,Rockwood Summit,5,Jackson,6
2025-09-06,Lafayette (Wildwood),5,Jackson,6
2025-09-06,Van-Far,0,Jamestown,5
2025-09-06,McDonald County,6,Joplin,10
2025-09-06,Timberland,7,Kelly,5
2025-09-06,Lindbergh,7,Kickapoo,3
2025-09-06,Lafayette (Wildwood),5,Kickapoo,4
2025-09-06,Rockwood Summit,5,Kickapoo,20
2025-09-06,Montgomery County,15,Knox County,4
2025-09-06,South Shelby,9,Knox County,11
2025-09-06,Marquette,1,Lafayette (Wildwood),14
2025-09-06,Park Hill South,5,Lee's Summit North,10
2025-09-06,Father Tolton,10,Marion C. Early,1
2025-09-06,Novinger,13,Mercer,5
2025-09-06,Father Tolton,6,Mexico,2
2025-09-06,Marion C. Early,2,Mexico,7
2025-09-06,Hannibal,7,Monroe City,4
2025-09-06,South Shelby,5,Monroe City,13
2025-09-06,Clark County,1,Monroe City,16
2025-09-06,West Platte,8,Neelyville,3
2025-09-06,Silex,7,Neelyville,2
2025-09-06,North Harrison,9,North Andrew,8
2025-09-06,Worth County,4,North Andrew,2
2025-09-06,Stanberry,6,North Andrew,5
2025-09-06,Webb City,1,Ozark,5
2025-09-06,Raymore-Peculiar,5,Ozark,2
2025-09-06,Van-Far,8,Palmyra,18
2025-09-06,Jamestown,5,Palmyra,14
2025-09-06,Highland,6,Parkway Central,4
2025-09-06,Webb City,4,Raymore-Peculiar,7
2025-09-06,Sikeston,3,Seckman,15
2025-09-06,Winfield,8,Silex,1
2025-09-06,Incarnate Word Academy,6,Silex,5
2025-09-06,Marquette,7,Southern Boone,6
2025-09-06,Lindbergh,5,Southern Boone,3
2025-09-06,Rockwood Summit,10,Southern Boone,11
2025-09-06,St. Pius X (Festus),1,Van Buren,11
2025-09-06,St. Dominic,11,Warrenton,1
2025-09-06,St. Dominic,13,Windsor (Imperial),2
2025-09-08,Jefferson (Festus),15,Affton,4
2025-09-08,Fort Osage,0,Belton,3
2025-09-08,Iberia,4,Blair Oaks,5
2025-09-08,Grain Valley,2,Blue Springs South,9
2025-09-08,Eugene,13,California,0
2025-09-08,Cassville,2,Carl Junction,4
2025-09-08,Kirksville,3,Chillicothe,8
2025-09-08,Westran,19,Climax Springs,0
2025-09-08,South Callaway,18,Cuba,0
2025-09-08,Owensville,14,Dixon,6
2025-09-08,St. Pius X (Kansas City),14,East Buchanan,1
2025-09-08,North County,16,East Carter,1
2025-09-08,Oak Park,2,Excelsior Springs,12
2025-09-08,Harrisburg,1,Father Tolton,12
2025-09-08,Linn,6,Fatima,1
2025-09-08,Boonville,11,Fayette,12
2025-09-08,St. Joseph's Academy,6,Festus,7
2025-09-08,Marquette,3,Francis Howell,8
2025-09-08,Holt,5,Francis Howell Central,12
2025-09-08,Pattonville,2,Ft. Zumwalt South,17
2025-09-08,Community,1,Glasgow,11
2025-09-08,Pilot Grove,0,Jamestown,15
2025-09-08,Hickman,3,Jefferson City,1
2025-09-08,Ladue Horton Watkins,1,Kirkwood,11
2025-09-08,St. Michael the Archangel,19,Knob Noster,1
2025-09-08,Rolla,11,Lebanon,3
2025-09-08,Blue Springs,2,Lee's Summit,3
2025-09-08,Park Hill,2,Lee's Summit North,12
2025-09-08,Liberty North,8,Lee's Summit West,9
2025-09-08,Nevada,0,Logan-Rogersville,15
2025-09-08,Hermann,19,Maplewood-Richmond Hts.,1
2025-09-08,Marion County,1,Mark Twain,6
2025-09-08,Lawson,17,Maryville,0
2025-09-08,Stanberry,3,Maysville,6
2025-09-08,Lindbergh,18,Mehlville,1
2025-09-08,Hallsville,5,Mexico,12
2025-09-08,Highland,10,Monroe City,0
2025-09-08,Kelly,15,Neelyville,11
2025-09-08,Francis Howell North,3,North Point,4
2025-09-08,Albany,16,Northeast Nodaway,4
2025-09-08,Pacific,5,Northwest (Cedar Hill),15
2025-09-08,Hazelwood West,10,Orchard Farm,9
2025-09-08,Hillcrest,20,Parkview,2
2025-09-08,Rockwood Summit,21,Parkway North,4
2025-09-08,St. Dominic,3,Parkway South,8
2025-09-08,Oakville,0,Parkway West,5
2025-09-08,Brookfield,0,Penney,10
2025-09-08,Mercer,0,Putnam County,19
2025-09-08,Staley,4,Raymore-Peculiar,9
2025-09-08,William Chrisman,19,Raytown,4
2025-09-08,Lexington,19,Richmond,8
2025-09-08,Incarnate Word Academy,6,Ritenour,10
2025-09-08,Platte County,17,Ruskin,0
2025-09-08,North Callaway,2,Russellville,12
2025-09-08,Fox,11,Seckman,0
2025-09-08,Warrensburg,9,Savannah,18
2025-09-08,Central (St. Joseph),4,Smithville,5
2025-09-08,Mid-Buchanan,6,St. Elizabeth,2
2025-09-08,Wright City,11,St. Charles,10
2025-09-08,Pleasant Hill,4,Summit Christian Academy,2
2025-09-08,Liberty (Wentzville),17,Timberland,1
2025-09-08,Princeton,1,Trenton,5
2025-09-08,Park Hill South,2,St. Charles,6
2025-09-08,Valley Park,13,Ursuline Academy,3
2025-09-08,Richland,3,Waynesville,15
2025-09-08,Macks Creek,14,Weaubleau,8
2025-09-08,Osage,6,West Plains,4
2025-09-08,North Shelby,3,Westran,2
2025-09-08,Norwood,0,Wheatland,6
2025-09-08,North Kansas City,3,Winnetonka,11
2025-09-09,North Andrew,0,Albany,10
2025-09-09,Scotland County,21,Atlanta,8
2025-09-09,Monett,3,Aurora,4
2025-09-09,St. Pius X (Kansas City),11,Bishop LeBlond,8
2025-09-09,Lee's Summit North,7,Blue Springs,12
2025-09-09,Lee's Summit West,6,Blue Springs South,7
2025-09-09,Elsberry,4,Bowling Green,0
2025-09-09,Macon,15,Brookfield,8
2025-09-09,Van-Far,18,Camdenton,10
2025-09-09,Westran,3,Canton,7
2025-09-09,Blair Oaks,8,Capital City,14
2025-09-09,Lafayette County,2,Carrollton,17
2025-09-09,Monroe City,10,Clark County,11
2025-09-09,South Shelby,3,Clopton,10
2025-09-09,Pilot Grove,2,Community,25
2025-09-09,St. Teresa's Academy,6,East Buchanan,3
2025-09-09,California,3,Eldon,4
2025-09-09,Fulton,10,Eugene,9
2025-09-09,St. Joseph's Academy,0,Eureka,10
2025-09-09,Hillsboro,0,Festus,6
2025-09-09,Central (St. Joseph),4,Fort Osage,9
2025-09-09,Francis Howell North,1,Francis Howell,0
2025-09-09,Liberty (Wentzville),4,Francis Howell Central,5
2025-09-09,Ft. Zumwalt South,1,Ft. Zumwalt North,6
2025-09-09,Troy Buchanan,5,Ft. Zumwalt West,1
2025-09-09,Trenton,1,Gallatin,5
2025-09-09,Joplin,9,Glendale,5
2025-09-09,Belton,5,Grain Valley,9
2025-09-09,Brashear,7,Green City,8
2025-09-09,Schuyler County,3,Hallsville,18
2025-09-09,Moberly,11,Hannibal,4
2025-09-09,Summit Christian Academy,7,Harrisonville,3
2025-09-09,Pattonville,3,Hazelwood West,11
2025-09-09,Southern Boone,12,Hickman,8
2025-09-09,Centralia,1,Highland,0
2025-09-09,Walnut Grove,18,Humansville,11
2025-09-09,Jamestown,8,Iberia,5
2025-09-09,Windsor (Imperial),14,Jefferson (Festus),0
2025-09-09,Carthage,1,Kickapoo,11
2025-09-09,Ritenour,6,Kirkwood,7
2025-09-09,Holden,15,Knob Noster,0
2025-09-09,Lexington,7,Lathrop,12
2025-09-09,Webb City,16,Lebanon,0
2025-09-09,Park Hill South,0,Lee's Summit,7
2025-09-09,Raymore-Peculiar,4,Liberty North,3
2025-09-09,Bevier,10,Linn County,4
2025-09-09,St. Elizabeth,7,Marceline,3
2025-09-09,Knox County,12,Marion County,4
2025-09-09,Montgomery County,16,Mark Twain,1
2025-09-09,Jackson,2,Marquette,1
2025-09-09,Norwood,0,Marshfield,4
2025-09-09,Cameron,13,Maryville,0
2025-09-09,Putnam County,9,Maysville,14
2025-09-09,Ladue Horton Watkins,8,Mehlville,4
2025-09-09,Kirksville,2,Mexico,10
2025-09-09,Polo,18,Milan,2
2025-09-09,Cassville,14,Nevada,0
2025-09-09,Fayette,1,New Bloomfield,11
2025-09-09,Willard,3,Nixa,15
2025-09-09,Kelly,6,North County,3
2025-09-09,Excelsior Springs,16,North Kansas City,0
2025-09-09,Washington,6,North Point,4
2025-09-09,New Franklin,2,Northeast (Cairo),6
2025-09-09,Neelyville,4,Notre Dame (Cape Girardeau),14
2025-09-09,Park Hill,14,Oak Park,1
2025-09-09,Sherwood,0,Odessa,15
2025-09-09,Boonville,3,Osage,2
2025-09-09,Branson,2,Ozark,11
2025-09-09,Owensville,3,Pacific,13
2025-09-09,La Plata,13,Palmyra,4
2025-09-09,Bolivar,17,Parkview,1
2025-09-09,Oakville,28,Parkway North,12
2025-09-09,Lafayette (Wildwood),6,Parkway West,11
2025-09-09,Sikeston,10,Perryville,11
2025-09-09,St. Charles,3,Platte County,6
2025-09-09,Clinton,1,Pleasant Hill,10
2025-09-09,Raytown,20,Raytown South,0
2025-09-09,Benton,6,Savannah,11
2025-09-09,Parkway Central,10,Seckman,0
2025-09-09,McDonald County,15,Seneca,1
2025-09-09,Louisiana,6,Silex,9
2025-09-09,Orchard Farm,10,St. Charles,0
2025-09-09,Hermann,18,St. Clair,1
2025-09-09,Northwest (Cedar Hill),2,St. Joseph's Academy,4
2025-09-09,Union,15,St. James,0
2025-09-09,Notre Dame de Sion,6,St. Michael the Archangel,21
2025-09-09,Kearney,1,Staley,0
2025-09-09,Normandy Collaborative,3,STEAM Academy,18
2025-09-09,Doniphan,5,St. Clair,0
2025-09-09,Clayton,12,University City,10
2025-09-09,South Callaway,6,Van-Far,15
2025-09-09,Winfield,18,Warrenton,1
2025-09-09,Republic,6,Waynesville,7
2025-09-09,Hermitage,24,Weaubleau,9
2025-09-09,Parkway South,16,Webster Groves,7
2025-09-09,Stanberry,8,Worth County,9
2025-09-09,North Callaway,12,Wright City,0
2025-09-10,Ritenour,14,Affton,1
2025-09-10,Liberty North,6,Blue Springs South,0
2025-09-10,Canton,6,Bowling Green,11
2025-09-10,Joplin,2,Carl Junction,4
2025-09-10,Jackson,11,Central (Cape Girardeau),0
2025-09-10,Moberly,1,Centralia,6
2025-09-10,Schuyler County,5,Clark County,18
2025-09-10,St. Dominic,8,Cor Jesu Academy,5
2025-09-10,Richland,19,Cuba,2
2025-09-10,Notre Dame (Cape Girardeau),8,Farmington,4
2025-09-10,Ft. Zumwalt West,3,Francis Howell Central,5
2025-09-10,Hillcrest,4,Glendale,9
2025-09-10,Blair Oaks,7,Hallsville,8
2025-09-10,Glasgow,9,Harrisburg,12
2025-09-10,Oak Grove,11,Harrisonville,0
2025-09-10,Parkway North,3,Hazelwood West,4
2025-09-10,Jefferson City,1,Helias Catholic,9
2025-09-10,Lindbergh,4,Hillsboro,1
2025-09-10,Chaffee,19,Jefferson (Festus),1
2025-09-10,Eureka,8,Lafayette (Wildwood),7
2025-09-10,Blue Springs,0,Lee's Summit West,5
2025-09-10,Wellsville-Middletown,0,Louisiana,15
2025-09-10,Bishop LeBlond,11,North Andrew,1
2025-09-10,St. Pius X (Kansas City),16,North Kansas City,4
2025-09-10,Parkway South,3,Northwest (Cedar Hill),0
2025-09-10,Winnetonka,7,Oak Park,0
2025-09-10,Westminster Christian Academy,3,Parkway West,4
2025-09-10,Oakville,20,Perryville,0
2025-09-10,St. Charles,5,Pleasant Hill,6
2025-09-10,St. Michael the Archangel,18,Raytown South,0
2025-09-10,Fort Osage,5,Savannah,4
2025-09-10,Park Hill,4,Smithville,1
2025-09-10,Elsberry,9,South Shelby,1
2025-09-10,Valley Park,17,St. Pius X (Festus),2
2025-09-10,Orchard Farm,17,STEAM Academy,2
2025-09-10,Wheatland,5,Westran,1
2025-09-10,Washington,0,Troy Buchanan,13
2025-09-10,Maplewood-Richmond Hts.,0,Ursuline Academy,9
2025-09-10,Kirkwood,0,Webster Groves,4
2025-09-10,Ruskin,0,William Chrisman,15
2025-09-10,Seckman,7,Windsor (Imperial),1
2025-09-10,Silex,3,Winfield,4
2025-09-11,Northeast (Cairo),15,Atlanta,0
2025-09-11,Platte County,3,Belton,2
2025-09-11,Green City,11,Bevier,1
2025-09-11,Schuyler County,14,Boonville,11
2025-09-11,Meadville,1,Brashear,8
2025-09-11,Savannah,3,Cameron,5
2025-09-11,North Shelby,4,Canton,3
2025-09-11,Knob Noster,2,Carrollton,12
2025-09-11,Ozark,8,Carthage,2
2025-09-11,Seneca,0,Cassville,3
2025-09-11,Naylor,6,Central (Cape Girardeau),9
2025-09-11,Climax Springs,18,Crocker,27
2025-09-11,Mid-Buchanan,16,East Buchanan,1
2025-09-11,Blair Oaks,5,Eldon,8
2025-09-11,Clopton,2,Elsberry,8
2025-09-11,Harrisburg,6,Eugene,0
2025-09-11,Chillicothe,2,Excelsior Springs,3
2025-09-11,Jefferson City,4,Fatima,5
2025-09-11,William Chrisman,0,Fort Osage,12
2025-09-11,Troy Buchanan,5,Francis Howell North,3
2025-09-11,Timberland,12,Ft. Zumwalt South,0
2025-09-11,Mexico,12,Hannibal,1
2025-09-11,Warrensburg,5,Harrisonville,15
2025-09-11,Norwood,3,Hartville,2
2025-09-11,Milan,0,Highland,25
2025-09-11,Perryville,3,Hillsboro,19
2025-09-11,Lexington,0,Holden,13
2025-09-11,East Carter,5,Jackson,6
2025-09-11,Kickapoo,4,Joplin,2
2025-09-11,Park Hill South,1,Kearney,8
2025-09-11,Doniphan,9,Kelly,2
2025-09-11,Fulton,0,Kirksville,15
2025-09-11,Ladue Horton Watkins,0,Kirkwood,13
2025-09-11,Richmond,5,Lafayette County,1
2025-09-11,West Platte,3,Lathrop,5
2025-09-11,Raymore-Peculiar,4,Lee's Summit,2
2025-09-11,Liberty,19,Lee's Summit North,7
2025-09-11,Francis Howell,8,Liberty (Wentzville),3
2025-09-11,Rockwood Summit,3,Lindbergh,4
2025-09-11,Moberly,0,Macon,11
2025-09-11,Higbee,16,Madison,9
2025-09-11,South Shelby,5,Marion County,3
2025-09-11,Bowling Green,12,Mark Twain,8
2025-09-11,Aurora,0,McDonald County,11
2025-09-11,Nevada,0,Monett,16
2025-09-11,Wright City,1,Montgomery County,7
2025-09-11,Worth County,4,New Bloomfield,5
2025-09-11,La Plata,5,New Franklin,6
2025-09-11,Branson,7,Nixa,9
2025-09-11,Wellsville-Middletown,0,North Callaway,20
2025-09-11,Fredericktown,12,North County,8
2025-09-11,Worth County,10,North Harrison,0
2025-09-11,Grandview,8,North Kansas City,18
2025-09-11,Penney,0,North Platte,3
2025-09-11,Ft. Zumwalt East,12,North Point,0
2025-09-11,Summit Christian Academy,18,Notre Dame de Sion,3
2025-09-11,Pleasant Hill,10,Oak Grove,14
2025-09-11,Webster Groves,0,Oakville,3
2025-09-11,Warrenton,3,Orchard Farm,7
2025-09-11,Hermann,7,Owensville,8
2025-09-11,Monroe City,6,Palmyra,0
2025-09-11,Parkway West,6,Parkway Central,7
2025-09-11,Ursuline Academy,0,Parkway South,13
2025-09-11,Glasgow,15,Pilot Grove,0
2025-09-11,Lawson,9,Plattsburg,4
2025-09-11,Maysville,15,Polo,8
2025-09-11,Marceline,2,Putnam County,1
2025-09-11,Lebanon,2,Republic,12
2025-09-11,Mehlville,0,Ritenour,15
2025-09-11,Linn,12,Russellville,5
2025-09-11,Novinger,4,Schuyler County,13
2025-09-11,Community,1,Silex,2
2025-09-11,Osage,12,South Callaway,7
2025-09-11,Gallatin,6,St. Elizabeth,8
2025-09-11,Valley Park,17,St. Pius X (Festus),2
2025-09-11,Benton,17,St. Pius X (Kansas City),7
2025-09-11,Raytown South,0,St. Teresa's Academy,16
2025-09-11,Princeton,5,Stanberry,7
2025-09-11,Pacific,9,Webb City,14
2025-09-11,Brookfield,6,Trenton,16
2025-09-11,Neelyville,6,St. Clair,5
2025-09-11,St. Clair,1,Union,16
2025-09-11,Louisiana,6,Van-Far,10
2025-09-11,Ft. Zumwalt North,2,Washington,7
2025-09-11,Carl Junction,2,Webb City,12
2025-09-11,Scotland County,0,Westran,20
2025-09-11,Humansville,6,Wheatland,19
2025-09-11,Waynesville,1,Willard,9
2025-09-11,Holt,0,Winfield,6
2025-09-12,Halfway,3,Aurora,5
2025-09-12,Rock Bridge,7,Belton,2
2025-09-12,Mid-Buchanan,4,Belton,7
2025-09-12,Eureka,4,Belton,3
2025-09-12,Novinger,11,Bevier,0
2025-09-12,Mexico,13,Bowling Green,4
2025-09-12,Marshall,7,Camdenton,9
2025-09-12,California,9,Camdenton,10
2025-09-12,Excelsior Springs,10,Carthage,6
2025-09-12,St. Charles,1,Carthage,12
2025-09-12,Smithville,13,Carthage,3
2025-09-12,Capital City,9,Clinton,8
2025-09-12,Sherwood,10,Clinton,22
2025-09-12,North County,3,DeSoto,13
2025-09-12,St. James,1,Dixon,11
2025-09-12,Chaffee,16,East Carter,0
2025-09-12,Mid-Buchanan,3,Eureka,0
2025-09-12,Rock Bridge,2,Eureka,1
2025-09-12,Hickman,6,Fatima,9
2025-09-12,Francis Howell North,7,Festus,8
2025-09-12,Union,8,Festus,9
2025-09-12,Helias Catholic,8,Fox,1
2025-09-12,Liberty North,15,Fox,0
2025-09-12,St. Dominic,8,Francis Howell North,4
2025-09-12,Republic,6,Ft. Zumwalt West,5
2025-09-12,Grain Valley,4,Ft. Zumwalt West,7
2025-09-12,Savannah,9,Fulton,8
2025-09-12,South Callaway,13,Fulton,12
2025-09-12,Republic,0,Grain Valley,6
2025-09-12,Liberty North,9,Helias Catholic,2
2025-09-12,Maplewood-Richmond Hts.,9,Hermann,15
2025-09-12,Macks Creek,7,Hermitage,3
2025-09-12,Father Tolton,5,Hillsboro,0
2025-09-12,Kirkwood,1,Hillsboro,5
2025-09-12,Cor Jesu Academy,14,Incarnate Word Academy,5
2025-09-12,Nixa,6,Kearney,8
2025-09-12,Smithville,1,Kickapoo,17
2025-09-12,Lee's Summit West,4,Kickapoo,5
2025-09-12,Kearney,1,Kickapoo,2
2025-09-12,Father Tolton,17,Kirkwood,1
2025-09-12,Capital City,18,Knob Noster,2
2025-09-12,Sherwood,15,Knob Noster,1
2025-09-12,St. Michael the Archangel,0,Lafayette County,5
2025-09-12,Warrensburg,8,Lafayette County,9
2025-09-12,Poplar Bluff,1,Lee's Summit,14
2025-09-12,Iberia,1,Lee's Summit,10
2025-09-12,Nixa,2,Lee's Summit West,9
2025-09-12,St. Michael the Archangel,6,Lexington,7
2025-09-12,Warrensburg,5,Lexington,7
2025-09-12,Francis Howell Central,12,Liberty (Wentzville),6
2025-09-12,Raytown South,2,Lincoln College Prep,17
2025-09-12,Montgomery County,0,Linn,8
2025-09-12,Walnut Grove,0,Marion C. Early,12
2025-09-12,Lee's Summit West,21,Marquette,8
2025-09-12,Excelsior Springs,6,Marquette,3
2025-09-12,Nixa,5,Marquette,9
2025-09-12,California,15,Marshall,6
2025-09-12,Park Hill,3,Marshfield,2
2025-09-12,Rock Bridge,17,Mid-Buchanan,7
2025-09-12,Kelly,7,Naylor,1
2025-09-12,Westran,20,Newburg,1
2025-09-12,New Bloomfield,2,North Callaway,7
2025-09-12,Staley,13,Northwest (Cedar Hill),2
2025-09-12,Westminster Christian Academy,6,Northwest (Cedar Hill),4
2025-09-12,Excelsior Springs,8,Ozark,9
2025-09-12,St. Charles,1,Ozark,5
2025-09-12,Smithville,8,Ozark,2
2025-09-12,Washington,21,Pacific,8
2025-09-12,STEAM Academy,4,Parkway North,17
2025-09-12,Ladue Horton Watkins,14,Pattonville,4
2025-09-12,Iberia,4,Poplar Bluff,5
2025-09-12,Webster Groves,2,Rockwood Summit,12
2025-09-12,Glasgow,1,Schuyler County,7
2025-09-12,Pacific,5,Seckman,12
2025-09-12,Logan-Rogersville,5,Seneca,2
2025-09-12,Montgomery County,15,Savannah,1
2025-09-12,Linn,10,South Callaway,0
2025-09-12,St. Joseph's Academy,6,Southern Boone,2
2025-09-12,Van-Far,11,Southern Boone,12
2025-09-12,St. Joseph's Academy,5,Van-Far,15
2025-09-12,St. Pius X (Festus),0,St. Joseph's Academy,15
2025-09-12,Ursuline Academy,4,St. Teresa's Academy,19
2025-09-12,Francis Howell,16,Timberland,8
2025-09-12,Republic,10,St. Charles,7
2025-09-12,St. Dominic,5,Union,2
2025-09-12,Staley,3,Westminster Christian Academy,2
2025-09-12,McDonald County,4,Willard,10
2025-09-12,Warrenton,12,Wright City,7
2025-09-13,Monett,3,Aurora,2
2025-09-13,Marion C. Early,9,Aurora,3
2025-09-13,Eureka,8,Belton,3
2025-09-13,Mid-Buchanan,1,Belton,2
2025-09-13,North Platte,3,Benton,2
2025-09-13,Staley,4,California,0
2025-09-13,Staley,8,Camdenton,0
2025-09-13,Northwest (Cedar Hill),8,Camdenton,5
2025-09-13,Northeast (Cairo),5,Canton,4
2025-09-13,Polo,1,Carrollton,9
2025-09-13,Penney,2,Carrollton,1
2025-09-13,Grain Valley,16,Carthage,2
2025-09-13,Kearney,9,Carthage,2
2025-09-13,West Platte,3,Central (St. Joseph),1
2025-09-13,Benton,9,Central (St. Joseph),4
2025-09-13,Maryville,1,Central (St. Joseph),3
2025-09-13,Holden,6,Chillicothe,0
2025-09-13,Kirksville,5,Chillicothe,7
2025-09-13,Savannah,9,Chillicothe,10
2025-09-13,Knob Noster,0,Clinton,17
2025-09-13,Lexington,13,Clinton,9
2025-09-13,Maysville,3,DeKalb,9
2025-09-13,Maysville,16,East Buchanan,6
2025-09-13,DeKalb,15,East Buchanan,0
2025-09-13,Fayette,1,Eugene,4
2025-09-13,Madison,0,Eugene,10
2025-09-13,Rock Bridge,5,Eureka,7
2025-09-13,Nixa,7,Excelsior Springs,3
2025-09-13,Jamestown,5,Fayette,2
2025-09-13,Madison,1,Fayette,9
2025-09-13,Washington,2,Festus,4
2025-09-13,St. Dominic,3,Festus,4
2025-09-13,New Bloomfield,3,Fox,4
2025-09-13,North Callaway,15,Fox,0
2025-09-13,Ft. Zumwalt East,5,Francis Howell Central,8
2025-09-13,Hazelwood West,1,Francis Howell Central,13
2025-09-13,Union,5,Francis Howell North,3
2025-09-13,Kickapoo,6,Ft. Zumwalt West,8
2025-09-13,St. Charles,1,Ft. Zumwalt West,10
2025-09-13,Linn,11,Fulton,0
2025-09-13,Montgomery County,12,Fulton,2
2025-09-13,Norwood,2,Halfway,5
2025-09-13,Community,10,Hannibal,6
2025-09-13,Madison,1,Harrisburg,16
2025-09-13,Jamestown,0,Harrisburg,2
2025-09-13,Ft. Zumwalt East,6,Hazelwood West,4
2025-09-13,Van-Far,2,Hillsboro,3
2025-09-13,St. Elizabeth,5,Holden,6
2025-09-13,Pleasant Hill,7,Holden,6
2025-09-13,Odessa,3,Jackson,11
2025-09-13,New Franklin,8,Jamestown,19
2025-09-13,Marquette,0,Kickapoo,13
2025-09-13,St. Elizabeth,8,Kirksville,3
2025-09-13,Macon,13,Kirksville,7
2025-09-13,St. Joseph's Academy,16,Kirkwood,1
2025-09-13,Lexington,3,Lafayette County,11
2025-09-13,Capital City,15,Lafayette County,0
2025-09-13,Richmond,2,Lathrop,6
2025-09-13,Polo,1,Lathrop,12
2025-09-13,Penney,7,Lathrop,8
2025-09-13,Savannah,3,Lawson,4
2025-09-13,Pleasant Hill,10,Lawson,6
2025-09-13,St. Elizabeth,10,Lawson,11
2025-09-13,Eldon,5,Lebanon,6
2025-09-13,Park Hill,3,Lee's Summit,1
2025-09-13,Republic,1,Lee's Summit West,6
2025-09-13,Pleasant Hill,9,Macon,2
2025-09-13,Savannah,7,Macon,4
2025-09-13,St. Charles,6,Marquette,1
2025-09-13,Westminster Christian Academy,7,Marshall,4
2025-09-13,Poplar Bluff,0,Marshfield,10
2025-09-13,Lee's Summit,1,Marshfield,3
2025-09-13,Bishop LeBlond,10,Maryville,18
2025-09-13,Tri-County,4,Meadville,8
2025-09-13,Winfield,12,Meadville,2
2025-09-13,Rock Bridge,7,Mid-Buchanan,3
2025-09-13,Novinger,10,Milan,2
2025-09-13,Tri-County,4,Milan,3
2025-09-13,Palmyra,7,Moberly,8
2025-09-13,Helias Catholic,14,New Bloomfield,0
2025-09-13,Liberty North,14,North Callaway,0
2025-09-13,Palmyra,0,North Callaway,10
2025-09-13,Bishop LeBlond,1,North Platte,8
2025-09-13,West Platte,8,North Platte,4
2025-09-13,Marshall,3,Northwest (Cedar Hill),11
2025-09-13,Walnut Grove,2,Norwood,7
2025-09-13,Ursuline Academy,15,Notre Dame de Sion,3
2025-09-13,Hartville,0,Osage,6
2025-09-13,Waynesville,3,Osage,11
2025-09-13,Grain Valley,13,Ozark,4
2025-09-13,Kearney,6,Ozark,5
2025-09-13,Canton,4,Palmyra,1
2025-09-13,Northeast (Cairo),10,Palmyra,0
2025-09-13,La Plata,2,Palmyra,10
2025-09-13,Iberia,0,Park Hill,14
2025-09-13,Richmond,6,Polo,8
2025-09-13,Smithville,11,Republic,7
2025-09-13,Washington,3,Seckman,0
2025-09-13,St. Dominic,15,Seckman,0
2025-09-13,Capital City,19,Sherwood,2
2025-09-13,Linn,2,Savannah,0
2025-09-13,South Callaway,1,Savannah,16
2025-09-13,Montgomery County,10,South Callaway,3
2025-09-13,Hillsboro,3,Southern Boone,11
2025-09-13,Kirkwood,2,Southern Boone,0
2025-09-13,Father Tolton,6,Van-Far,8
2025-09-13,Father Tolton,12,St. Joseph's Academy,1
2025-09-13,Benton,11,Trenton,5
2025-09-13,Bishop LeBlond,3,Trenton,8
2025-09-13,Odessa,6,Troy Buchanan,11
2025-09-13,Jackson,0,Troy Buchanan,1
2025-09-13,Pacific,2,Union,5
2025-09-13,St. Michael the Archangel,7,Warrensburg,6
2025-09-13,Hartville,10,Waynesville,2
2025-09-13,California,0,Westminster Christian Academy,16
2025-09-13,Eugene,0,Westran,2
2025-09-13,Harrisburg,11,Westran,12
2025-09-13,New Franklin,2,Westran,8
2025-09-15,Schuyler County,11,Atlanta,1
2025-09-15,Blue Springs South,9,Blue Springs,1
2025-09-15,Monett,1,Bolivar,9
2025-09-15,Hannibal,1,Bowling Green,12
2025-09-15,Seneca,6,Carl Junction,4
2025-09-15,Lawson,8,Carrollton,1
2025-09-15,Carthage,2,Cassville,9
2025-09-15,North County,0,Chaffee,2
2025-09-15,St. James,36,Cuba,21
2025-09-15,Waynesville,10,Dixon,8
2025-09-15,Notre Dame (Cape Girardeau),1,Doniphan,3
2025-09-15,Iberia,3,Eugene,4
2025-09-15,Central (St. Joseph),0,Excelsior Springs,11
2025-09-15,Kirkwood,0,Fox,4
2025-09-15,Timberland,6,Francis Howell Central,2
2025-09-15,Farmington,1,Fredericktown,14
2025-09-15,Fort Osage,0,Grain Valley,13
2025-09-15,Lincoln College Prep,18,Grandview,3
2025-09-15,Richland,1,Halfway,11
2025-09-15,Russellville,3,Harrisburg,1
2025-09-15,Belton,13,Harrisonville,1
2025-09-15,Ritenour,1,Hazelwood West,3
2025-09-15,Mark Twain,10,Hermann,8
2025-09-15,St. Clair,4,Jefferson (Festus),20
2025-09-15,Perryville,0,Kelly,15
2025-09-15,Benton,11,Lathrop,7
2025-09-15,Kearney,1,Lee's Summit West,0
2025-09-15,Lee's Summit,9,Liberty North,10
2025-09-15,Highland,12,Louisiana,2
2025-09-15,Crocker,10,Macks Creek,6
2025-09-15,Kirksville,1,Macon,2
2025-09-15,Hillcrest,3,Marion C. Early,11
2025-09-15,Willard,14,Marshfield,12
2025-09-15,Princeton,21,Mercer,2
2025-09-15,Palmyra,11,Moberly,12
2025-09-15,Van-Far,2,Monroe City,3
2025-09-15,Holden,22,Nevada,0
2025-09-15,Northeast Nodaway,1,North Andrew,11
2025-09-15,Raytown South,1,North Kansas City,17
2025-09-15,Stanberry,4,North Platte,5
2025-09-15,Community,0,Northeast (Cairo),5
2025-09-15,Cor Jesu Academy,3,Oakville,0
2025-09-15,Westran,4,Osage,7
2025-09-15,McDonald County,5,Ozark,11
2025-09-15,St. Charles,0,Park Hill,9
2025-09-15,Smithville,11,Park Hill South,4
2025-09-15,Liberty (Wentzville),7,Parkway Central,5
2025-09-15,Incarnate Word Academy,15,Parkway North,1
2025-09-15,Rockwood Summit,8,Parkway South,3
2025-09-15,Ladue Horton Watkins,13,Pattonville,3
2025-09-15,Trenton,10,Penney,0
2025-09-15,Raytown,0,Platte County,16
2025-09-15,Lee's Summit North,0,Raymore-Peculiar,15
2025-09-15,Putnam County,6,Scotland County,1
2025-09-15,Pleasant Hill,15,Sherwood,2
2025-09-15,St. Clair,7,Sikeston,3
2025-09-15,Plattsburg,4,St. Elizabeth,5
2025-09-15,St. Joseph's Academy,12,St. Charles,2
2025-09-15,Warrenton,1,St. Dominic,12
2025-09-15,Fatima,1,St. Joseph's Academy,4
2025-09-15,Winnetonka,3,St. Pius X (Kansas City),2
2025-09-15,Liberty,6,Staley,10
2025-09-15,University City,21,STEAM Academy,7
2025-09-15,Warrensburg,6,Summit Christian Academy,11
2025-09-15,Webb City,0,Troy Buchanan,10
2025-09-15,Mehlville,2,Ursuline Academy,5
2025-09-15,Union,4,Washington,3
2025-09-15,Wheatland,17,Weaubleau,1
2025-09-15,Parkway West,12,Webster Groves,1
2025-09-15,Marion County,21,Wellsville-Middletown,2
2025-09-15,Oak Park,6,William Chrisman,10
2025-09-15,Ft. Zumwalt South,0,Winfield,10
2025-09-16,Ladue Horton Watkins,23,Affton,7
2025-09-16,Worth County,0,Albany,3
2025-09-16,St. Charles,0,Belton,15
2025-09-16,Helias Catholic,14,Blair Oaks,4
2025-09-16,Staley,3,Blue Springs South,6
2025-09-16,Marshfield,6,Bolivar,4
2025-09-16,Montgomery County,10,Bowling Green,0
2025-09-16,Carl Junction,10,Branson,2
2025-09-16,Novinger,14,Brashear,6
2025-09-16,Marceline,16,Brookfield,6
2025-09-16,Chillicothe,6,Cameron,0
2025-09-16,Highland,11,Canton,1
2025-09-16,Rock Bridge,17,Capital City,3
2025-09-16,Sikeston,6,Central (Cape Girardeau),10
2025-09-16,Palmyra,9,Clark County,4
2025-09-16,Warrensburg,9,Clinton,7
2025-09-16,North Callaway,9,Clopton,2
2025-09-16,Northeast Nodaway,4,DeKalb,8
2025-09-16,Festus,10,DeSoto,0
2025-09-16,Hartville,5,Dixon,2
2025-09-16,East Carter,2,Doniphan,13
2025-09-16,Eugene,6,Eldon,7
2025-09-16,Winnetonka,2,Excelsior Springs,5
2025-09-16,Platte County,9,Fort Osage,2
2025-09-16,Parkway North,0,Fox,11
2025-09-16,Francis Howell Central,2,Francis Howell,3
2025-09-16,Ft. Zumwalt South,8,Ft. Zumwalt East,4
2025-09-16,North Point,8,Ft. Zumwalt North,17
2025-09-16,Francis Howell North,3,Ft. Zumwalt West,4
2025-09-16,Moberly,4,Fulton,1
2025-09-16,Plattsburg,6,Gallatin,0
2025-09-16,Madison,0,Glasgow,16
2025-09-16,Linn County,0,Green City,10
2025-09-16,Walnut Grove,1,Halfway,5
2025-09-16,Monroe City,13,Hannibal,9
2025-09-16,Webb City,5,Hermann,2
2025-09-16,Farmington,0,Hillsboro,15
2025-09-16,Lafayette County,2,Holden,8
2025-09-16,Orchard Farm,7,Holt,8
2025-09-16,Eureka,5,Incarnate Word Academy,3
2025-09-16,Cuba,1,Jefferson (Festus),17
2025-09-16,Rock Bridge,7,Jefferson City,3
2025-09-16,Benton,0,Lawson,13
2025-09-16,Willard,14,Lebanon,1
2025-09-16,Lee's Summit,15,Lee's Summit North,3
2025-09-16,Raymore-Peculiar,10,Lee's Summit West,0
2025-09-16,Knob Noster,0,Lexington,15
2025-09-16,Central (St. Joseph),2,Liberty,11
2025-09-16,Troy Buchanan,5,Liberty (Wentzville),11
2025-09-16,Blue Springs,1,Liberty North,3
2025-09-16,Father Tolton,3,Linn,1
2025-09-16,West Plains,1,Logan-Rogersville,5
2025-09-16,Wheatland,15,Macks Creek,4
2025-09-16,Valley Park,16,Maplewood-Richmond Hts.,6
2025-09-16,Trenton,8,Maysville,3
2025-09-16,Atlanta,13,Meadville,6
2025-09-16,Centralia,8,Mexico,2
2025-09-16,St. Elizabeth,15,Milan,4
2025-09-16,Cassville,20,Monett,2
2025-09-16,Neelyville,9,Naylor,5
2025-09-16,McDonald County,17,Nevada,0
2025-09-16,Fayette,3,New Franklin,1
2025-09-16,Carthage,3,Nixa,4
2025-09-16,Northeast (Cairo),1,North Shelby,5
2025-09-16,Oakville,5,Northwest (Cedar Hill),9
2025-09-16,St. Teresa's Academy,23,Notre Dame de Sion,10
2025-09-16,Odessa,4,Oak Grove,5
2025-09-16,Joplin,1,Ozark,5
2025-09-16,Washington,18,Pacific,5
2025-09-16,North Kansas City,0,Park Hill,15
2025-09-16,Parkway Central,11,Parkway South,1
2025-09-16,Seckman,1,Parkway West,2
2025-09-16,Ritenour,13,Pattonville,3
2025-09-16,Harrisonville,1,Pleasant Hill,8
2025-09-16,Putnam County,11,Polo,0
2025-09-16,Notre Dame (Cape Girardeau),17,Poplar Bluff,6
2025-09-16,North Harrison,0,Princeton,15
2025-09-16,Ruskin,0,Raytown,15
2025-09-16,Grandview,24,Raytown South,7
2025-09-16,Climax Springs,0,Richland,10
2025-09-16,Carrollton,17,Richmond,0
2025-09-16,Lafayette (Wildwood),4,Rockwood Summit,3
2025-09-16,Hallsville,9,Russellville,10
2025-09-16,Maryville,0,Savannah,15
2025-09-16,Knox County,3,Scotland County,13
2025-09-16,Aurora,4,Seneca,1
2025-09-16,Mark Twain,0,Silex,5
2025-09-16,California,9,South Callaway,4
2025-09-16,Boonville,2,Southern Boone,12
2025-09-16,Fatima,2,Van-Far,17
2025-09-16,St. Clair,29,St. James,9
2025-09-16,North Andrew,1,Stanberry,14
2025-09-16,Clayton,22,STEAM Academy,21
2025-09-16,Iberia,5,Westran,0
2025-09-16,Pilot Grove,0,Worth County,16
2025-09-16,Sherwood,5,Summit Christian Academy,15
2025-09-16,Mercer,5,Tri-County,17
2025-09-16,Chaffee,15,St. Clair,2
2025-09-16,Owensville,6,Union,8
2025-09-16,St. Pius X (Festus),5,Ursuline Academy,8
2025-09-16,Elsberry,10,Van-Far,2
2025-09-16,St. Charles,16,Warrenton,11
2025-09-16,Parkview,1,Waynesville,16
2025-09-16,Humansville,18,Weaubleau,8
2025-09-16,Cor Jesu Academy,8,Westminster Christian Academy,5
2025-09-16,Grain Valley,21,William Chrisman,2
2025-09-16,Webster Groves,6,Windsor (Imperial),8
2025-09-16,Louisiana,2,Wright City,12
2025-09-17,Rock Bridge,17,Capital City,3
2025-09-17,Eldon,9,Crocker,3
2025-09-17,Holt,0,Elsberry,15
2025-09-17,Rockwood Summit,4,Francis Howell North,15
2025-09-17,Ft. Zumwalt North,16,Ft. Zumwalt East,6
2025-09-17,Clark County,6,Hannibal,13
2025-09-17,Wellsville-Middletown,1,Hermann,22
2025-09-17,Farmington,1,Jackson,16
2025-09-17,Central (Cape Girardeau),0,Kelly,11
2025-09-17,Parkway Central,11,Ladue Horton Watkins,1
2025-09-17,Marquette,3,Lafayette (Wildwood),7
2025-09-17,Winfield,10,Liberty (Wentzville),2
2025-09-17,Higbee,17,Linn County,2
2025-09-17,Mexico,5,Macon,4
2025-09-17,Seckman,17,Mehlville,1
2025-09-17,Notre Dame (Cape Girardeau),5,North County,0
2025-09-17,Marshall,3,Odessa,17
2025-09-17,Oak Park,2,Park Hill South,7
2025-09-17,Webster Groves,13,Parkway North,2
2025-09-17,Eureka,12,Parkway South,4
2025-09-17,Harrisburg,15,Pilot Grove,0
2025-09-17,Lexington,13,Plattsburg,15
2025-09-17,Hillsboro,5,Poplar Bluff,4
2025-09-17,Glendale,1,Republic,10
2025-09-17,Union,7,Rolla,6
2025-09-17,East Buchanan,15,Ruskin,0
2025-09-17,Mark Twain,14,South Shelby,4
2025-09-17,Washington,20,St. Clair,0
2025-09-17,Hazelwood West,1,St. Dominic,7
2025-09-17,Lafayette County,2,St. Michael the Archangel,4
2025-09-17,Raytown,4,St. Charles,16
2025-09-17,Jefferson (Festus),2,Valley Park,12
2025-09-17,St. Joseph's Academy,2,Westminster Christian Academy,6
2025-09-17,Northwest (Cedar Hill),3,Windsor (Imperial),4
2025-09-17,Lincoln College Prep,3,Winnetonka,15
2025-09-18,Mehlville,21,Affton,4
2025-09-18,Atlanta,12,Bevier,16
2025-09-18,Boonville,1,Blair Oaks,11
2025-09-18,Palmyra,5,Bowling Green,10
2025-09-18,St. Pius X (Kansas City),1,Cameron,11
2025-09-18,Hickman,9,Capital City,2
2025-09-18,Logan-Rogersville,3,Carl Junction,9
2025-09-18,Lexington,0,Carrollton,11
2025-09-18,Waynesville,4,Carthage,9
2025-09-18,North County,10,Central (Cape Girardeau),3
2025-09-18,Park Hill,10,Central (St. Joseph),0
2025-09-18,Savannah,0,Chillicothe,2
2025-09-18,Westran,18,Crocker,10
2025-09-18,Climax Springs,2,Dixon,24
2025-09-18,Osage,0,Eldon,5
2025-09-18,Harrisburg,8,Fayette,2
2025-09-18,Liberty (Wentzville),3,Francis Howell North,1
2025-09-18,Francis Howell,2,Ft. Zumwalt West,12
2025-09-18,Smithville,20,Grandview,0
2025-09-18,Maplewood-Richmond Hts.,17,Hancock,4
2025-09-18,Richland,1,Iberia,16
2025-09-18,Ft. Zumwalt South,6,Incarnate Word Academy,3
2025-09-18,Nixa,7,Joplin,0
2025-09-18,Highland,2,Kirksville,3
2025-09-18,Schuyler County,2,Knox County,12
2025-09-18,Lee's Summit West,10,Lee's Summit,7
2025-09-18,Van-Far,18,Mark Twain,8
2025-09-18,Lindbergh,7,Marquette,6
2025-09-18,Benton,15,Maryville,1
2025-09-18,Fulton,4,Mexico,10
2025-09-18,Marshall,4,Moberly,15
2025-09-18,South Shelby,5,Monroe City,9
2025-09-18,Clopton,0,Montgomery County,4
2025-09-18,St. Clair,12,Neelyville,5
2025-09-18,Seneca,14,Nevada,2
2025-09-18,Elsberry,2,North Callaway,6
2025-09-18,Lathrop,6,North Platte,4
2025-09-18,Clark County,4,North Shelby,5
2025-09-18,Glasgow,1,Northeast (Cairo),6
2025-09-18,Hartville,4,Norwood,5
2025-09-18,Webb City,12,Owensville,4
2025-09-18,St. Joseph's Academy,13,Parkway North,0
2025-09-18,St. Charles,24,Pattonville,8
2025-09-18,Jefferson (Festus),8,Perryville,4
2025-09-18,Mid-Buchanan,10,Plattsburg,0
2025-09-18,Ladue Horton Watkins,3,Ritenour,6
2025-09-18,Camdenton,1,Rock Bridge,2
2025-09-18,Eugene,9,Russellville,10
2025-09-18,Ft. Zumwalt East,6,Seckman,10
2025-09-18,Canton,5,Silex,7
2025-09-18,Linn,21,South Callaway,1
2025-09-18,Maysville,1,St. Elizabeth,11
2025-09-18,California,0,Southern Boone,8
2025-09-18,Pacific,18,St. James,4
2025-09-18,Madison,3,Worth County,13
2025-09-18,North Point,3,Timberland,8
2025-09-18,Marceline,1,Trenton,2
2025-09-18,Francis Howell Central,4,Troy Buchanan,1
2025-09-18,Raytown,4,St. Charles,16
2025-09-18,Hermann,7,Union,4
2025-09-18,DeSoto,6,Van Buren,2
2025-09-18,Centralia,15,Warrenton,3
2025-09-18,Kickapoo,5,Webb City,4
2025-09-18,East Buchanan,0,West Platte,10
2025-09-18,Community,11,Westran,13
2025-09-18,Valley Park,2,Windsor (Imperial),12
2025-09-18,Orchard Farm,0,Winfield,10
2025-09-18,Raytown South,0,Winnetonka,17
2025-09-19,Smithville,10,Benton,8
2025-09-19,Father Tolton,7,Blair Oaks,0
2025-09-19,Savannah,1,Blue Springs South,14
2025-09-19,Mid-Buchanan,11,Boonville,1
2025-09-19,La Plata,22,Brashear,4
2025-09-19,Chillicothe,17,Capital City,3
2025-09-19,Poplar Bluff,3,Cassville,2
2025-09-19,Boonville,7,Central (St. Joseph),0
2025-09-19,Mid-Buchanan,7,Central (St. Joseph),0
2025-09-19,Linn,4,Chaffee,3
2025-09-19,Hickman,3,Chillicothe,0
2025-09-19,Wheatland,15,Climax Springs,0
2025-09-19,Worth County,10,Community,9
2025-09-19,Hillsboro,12,DeSoto,7
2025-09-19,Jefferson (Festus),4,Farmington,14
2025-09-19,Fox,4,Farmington,5
2025-09-19,St. Elizabeth,7,Fatima,3
2025-09-19,Jefferson (Festus),0,Fox,17
2025-09-19,Cor Jesu Academy,17,Ft. Zumwalt North,9
2025-09-19,West Plains,3,Glendale,5
2025-09-19,Cassville,10,Glendale,2
2025-09-19,Humansville,12,Hermitage,7
2025-09-19,Notre Dame (Cape Girardeau),9,Hickman,4
2025-09-19,Camdenton,8,Iberia,10
2025-09-19,Ozark,0,Jefferson City,7
2025-09-19,Father Tolton,10,Jefferson City,5
2025-09-19,Lindbergh,4,Kirkwood,5
2025-09-19,Silex,0,Liberty (Wentzville),10
2025-09-19,Westran,13,Macks Creek,6
2025-09-19,Helias Catholic,10,Macon,0
2025-09-19,Fatima,4,Macon,3
2025-09-19,Northwest (Cedar Hill),1,Marquette,16
2025-09-19,Van-Far,6,New Bloomfield,5
2025-09-19,Rolla,5,North County,1
2025-09-19,Webb City,3,North County,0
2025-09-19,Capital City,6,Notre Dame (Cape Girardeau),7
2025-09-19,Linn County,7,Novinger,21
2025-09-19,Blair Oaks,5,Ozark,6
2025-09-19,Benton,1,Park Hill,12
2025-09-19,Smithville,1,Park Hill,7
2025-09-19,William Chrisman,0,Park Hill South,14
2025-09-19,West Platte,6,Park Hill South,1
2025-09-19,Linn,7,Parkway West,6
2025-09-19,Naylor,6,Perryville,3
2025-09-19,Ursuline Academy,0,Rockwood Summit,15
2025-09-19,Webb City,6,Rolla,11
2025-09-19,Savannah,6,Savannah,8
2025-09-19,Helias Catholic,7,St. Elizabeth,2
2025-09-19,Parkway West,12,Southern Boone,0
2025-09-19,Chaffee,4,Southern Boone,9
2025-09-19,Ft. Zumwalt South,0,St. Dominic,15
2025-09-19,Norwood,8,Van Buren,9
2025-09-19,Fort Osage,6,Webb City,5
2025-09-19,Washington,10,Webster Groves,0
2025-09-19,Willard,14,West Plains,1
2025-09-19,West Platte,11,William Chrisman,1
2025-09-20,Linn,8,Blair Oaks,10
2025-09-20,Park Hill South,1,Blue Springs South,16
2025-09-20,Benton,0,Blue Springs South,15
2025-09-20,Savannah,9,Boonville,2
2025-09-20,William Chrisman,3,Boonville,10
2025-09-20,West Plains,0,Carthage,7
2025-09-20,West Platte,4,Central (St. Joseph),1
2025-09-20,Webb City,15,Central (St. Joseph),0
2025-09-20,Capital City,1,Chaffee,9
2025-09-20,Fatima,3,Chaffee,14
2025-09-20,Father Tolton,4,Chillicothe,0
2025-09-20,Jefferson City,0,Chillicothe,6
2025-09-20,Hermitage,11,Climax Springs,6
2025-09-20,Weaubleau,20,Climax Springs,6
2025-09-20,Marceline,8,Community,3
2025-09-20,Webster Groves,4,DeSoto,7
2025-09-20,Cuba,2,Eldon,23
2025-09-20,Sherwood,0,Excelsior Springs,11
2025-09-20,Rolla,10,Farmington,0
2025-09-20,Harrisburg,8,Fayette,1
2025-09-20,Glasgow,7,Fayette,8
2025-09-20,Webb City,0,Fox,5
2025-09-20,Harrisburg,6,Glasgow,12
2025-09-20,Marshall,8,Hannibal,6
2025-09-20,Jamestown,3,Harrisburg,1
2025-09-20,Macks Creek,12,Hermitage,0
2025-09-20,St. Elizabeth,3,Hickman,15
2025-09-20,Macon,5,Hickman,14
2025-09-20,Washington,7,Hillsboro,6
2025-09-20,Cor Jesu Academy,3,Hillsboro,9
2025-09-20,Wheatland,16,Humansville,4
2025-09-20,Francis Howell Central,4,Jackson,2
2025-09-20,Notre Dame (Cape Girardeau),0,Jefferson City,2
2025-09-20,Washington,11,Kirkwood,0
2025-09-20,Cor Jesu Academy,2,Kirkwood,1
2025-09-20,Marceline,10,La Plata,0
2025-09-20,Sherwood,2,Lawson,17
2025-09-20,Excelsior Springs,11,Lawson,9
2025-09-20,Webster Groves,0,Lindbergh,11
2025-09-20,Helias Catholic,1,Linn,4
2025-09-20,Weaubleau,2,Macks Creek,5
2025-09-20,Northeast (Cairo),9,Marceline,1
2025-09-20,Fort Osage,3,Mid-Buchanan,5
2025-09-20,Community,5,Moberly,4
2025-09-20,Palmyra,7,Moberly,8
2025-09-20,Putnam County,3,Moberly,10
2025-09-20,West Plains,3,Monett,14
2025-09-20,Community,0,North Callaway,10
2025-09-20,Palmyra,0,North Callaway,10
2025-09-20,Northeast (Cairo),2,North Callaway,5
2025-09-20,Jefferson (Festus),3,North County,13
2025-09-20,Father Tolton,5,Notre Dame (Cape Girardeau),3
2025-09-20,Eldon,8,Osage,2
2025-09-20,St. James,3,Osage,16
2025-09-20,Cuba,2,Osage,19
2025-09-20,St. Pius X (Festus),1,Owensville,16
2025-09-20,Pacific,4,Owensville,5
2025-09-20,Capital City,9,Ozark,10
2025-09-20,Fatima,3,Ozark,4
2025-09-20,St. Pius X (Festus),6,Pacific,10
2025-09-20,La Plata,2,Palmyra,10
2025-09-20,Mid-Buchanan,2,Park Hill,1
2025-09-20,Fort Osage,2,Park Hill,7
2025-09-20,Benton,3,Park Hill South,7
2025-09-20,Helias Catholic,14,Parkway West,6
2025-09-20,Blair Oaks,1,Parkway West,4
2025-09-20,Ft. Zumwalt East,15,Pattonville,0
2025-09-20,Branson,6,Poplar Bluff,5
2025-09-20,Bolivar,3,Poplar Bluff,8
2025-09-20,Republic,3,Poplar Bluff,4
2025-09-20,Northeast (Cairo),2,Putnam County,1
2025-09-20,La Plata,1,Putnam County,2
2025-09-20,William Chrisman,1,Savannah,11
2025-09-20,Westminster Christian Academy,14,Seckman,4
2025-09-20,Smithville,9,Savannah,10
2025-09-20,St. Elizabeth,9,Southern Boone,5
2025-09-20,Macon,8,Southern Boone,6
2025-09-20,Seckman,18,St. Charles,1
2025-09-20,Eldon,15,St. James,0
2025-09-20,Cuba,5,St. James,17
2025-09-20,Wheatland,9,Westran,4
2025-09-20,Marshfield,3,Summit Christian Academy,4
2025-09-20,Rock Bridge,8,Troy Buchanan,1
2025-09-20,West Platte,1,Webb City,5
2025-09-20,Ft. Zumwalt East,6,Wright City,1
2025-09-22,Mercer,0,Albany,15
2025-09-22,Marshfield,16,Aurora,0
2025-09-22,Raymore-Peculiar,2,Blue Springs,1
2025-09-22,Lee's Summit,7,Blue Springs South,6
2025-09-22,Knox County,12,Brashear,6
2025-09-22,Helias Catholic,15,Camdenton,0
2025-09-22,Branson,7,Carthage,8
2025-09-22,Oak Park,1,Central (St. Joseph),16
2025-09-22,Moberly,2,Chillicothe,16
2025-09-22,Scotland County,0,Clark County,3
2025-09-22,Humansville,20,Climax Springs,1
2025-09-22,Macks Creek,2,Dixon,10
2025-09-22,St. Clair,3,Doniphan,12
2025-09-22,Palmyra,4,Elsberry,6
2025-09-22,Grandview,0,Excelsior Springs,23
2025-09-22,Eugene,3,Fayette,7
2025-09-22,North County,1,Festus,10
2025-09-22,St. Charles,1,Fort Osage,3
2025-09-22,Webb City,4,Francis Howell,16
2025-09-22,Francis Howell North,5,Ft. Zumwalt East,6
2025-09-22,St. Charles,2,Ft. Zumwalt South,12
2025-09-22,Mid-Buchanan,17,Gallatin,1
2025-09-22,Ruskin,2,Grain Valley,18
2025-09-22,Father Tolton,9,Hallsville,2
2025-09-22,South Callaway,0,Harrisburg,13
2025-09-22,Mehlville,1,Hazelwood West,7
2025-09-22,Van-Far,14,Hermann,6
2025-09-22,Canton,2,Highland,12
2025-09-22,Odessa,7,Holden,6
2025-09-22,Oakville,2,Incarnate Word Academy,12
2025-09-22,Seneca,4,Joplin,3
2025-09-22,Winnetonka,0,Kearney,10
2025-09-22,Hannibal,4,Kirksville,8
2025-09-22,Pattonville,0,Kirkwood,15
2025-09-22,Trenton,3,Lawson,11
2025-09-22,Hartville,10,Lebanon,8
2025-09-22,Lee's Summit North,1,Lee's Summit West,11
2025-09-22,North Kansas City,0,Liberty,15
2025-09-22,Holt,1,Liberty (Wentzville),8
2025-09-22,Staley,4,Liberty North,5
2025-09-22,Meadville,13,Linn County,2
2025-09-22,Schuyler County,1,Marceline,3
2025-09-22,Madison,0,Mark Twain,15
2025-09-22,Mexico,8,Marshall,2
2025-09-22,Carl Junction,21,Monett,5
2025-09-22,Centralia,19,Monroe City,0
2025-09-22,Webb City,25,Nevada,1
2025-09-22,Community,9,New Franklin,7
2025-09-22,Penney,11,North Harrison,7
2025-09-22,Francis Howell Central,9,North Point,10
2025-09-22,Lindbergh,4,Northwest (Cedar Hill),5
2025-09-22,Sikeston,3,Notre Dame (Cape Girardeau),18
2025-09-22,Russellville,8,Osage,2
2025-09-22,Park Hill,8,Park Hill South,3
2025-09-22,Valley Park,8,Parkway North,9
2025-09-22,Wellsville-Middletown,3,Pilot Grove,16
2025-09-22,Richmond,0,Plattsburg,16
2025-09-22,Farmington,8,Poplar Bluff,9
2025-09-22,Schuyler County,3,Putnam County,0
2025-09-22,Affton,1,Ritenour,16
2025-09-22,St. Dominic,5,Rockwood Summit,3
2025-09-22,North Platte,0,Savannah,10
2025-09-22,Clinton,10,Sherwood,0
2025-09-22,Wright City,2,Silex,10
2025-09-22,Raytown South,0,Smithville,17
2025-09-22,Lathrop,1,St. Elizabeth,11
2025-09-22,Macon,11,South Shelby,1
2025-09-22,Fox,13,St. Joseph's Academy,6
2025-09-22,Bishop LeBlond,4,St. Michael the Archangel,10
2025-09-22,Richland,7,Westran,8
2025-09-22,Atlanta,3,Worth County,8
2025-09-22,Knob Noster,1,Summit Christian Academy,17
2025-09-22,Washington,0,Timberland,13
2025-09-22,Hillsboro,14,Union,3
2025-09-22,Naylor,1,Van Buren,6
2025-09-22,Rolla,12,West Plains,2
2025-09-22,Halfway,2,Wheatland,3
2025-09-22,Platte County,18,William Chrisman,0
2025-09-22,Westminster Christian Academy,6,Windsor (Imperial),5
2025-09-22,Ft. Zumwalt West,4,Winfield,1
2025-09-23,Osage,1,Blair Oaks,11
2025-09-23,Louisiana,17,Clopton,3
2025-09-23,Hillsboro,6,DeSoto,7
2025-09-23,Francis Howell North,0,Francis Howell Central,10
2025-09-23,Kearney,19,Grandview,0
2025-09-23,Highland,17,Hannibal,1
2025-09-23,Carrollton,3,Holden,7
2025-09-23,Lee's Summit West,0,Liberty North,5
2025-09-23,Chillicothe,26,Maryville,5
2025-09-23,Mexico,7,Moberly,3
2025-09-23,Seneca,1,Monett,7
2025-09-23,St. Clair,8,Pacific,18
2025-09-23,Liberty,2,Park Hill,3
2025-09-23,Jackson,8,Poplar Bluff,1
2025-09-23,North Andrew,2,Princeton,12
2025-09-23,Hickman,8,Rock Bridge,15
2025-09-23,Schuyler County,15,Schuyler County,10
2025-09-23,New Bloomfield,18,South Callaway,1
2025-09-23,Raymore-Peculiar,8,Staley,2
2025-09-23,Harrisonville,4,Warrensburg,12
2025-09-23,Ft. Zumwalt East,4,Washington,14
2025-09-23,Raytown,6,William Chrisman,10
2025-09-24,Princeton,2,Albany,7
2025-09-24,Bishop LeBlond,5,Benton,15
2025-09-24,Lee's Summit North,3,Blue Springs South,14
2025-09-24,Capital City,10,Bowling Green,16
2025-09-24,Aurora,2,Cassville,14
2025-09-24,Normandy Collaborative,5,Clayton,22
2025-09-24,Louisiana,17,Clopton,3
2025-09-24,Savannah,1,Father Tolton,11
2025-09-24,Highland,17,Hannibal,1
2025-09-24,Kirkwood,2,Hazelwood West,0
2025-09-24,North County,5,Hillsboro,6
2025-09-24,STEAM Academy,0,Incarnate Word Academy,17
2025-09-24,Bevier,0,La Plata,15
2025-09-24,Fayette,0,Linn,10
2025-09-24,Lebanon,8,Logan-Rogersville,14
2025-09-24,Canton,2,Macon,7
2025-09-24,Elsberry,10,Mexico,2
2025-09-24,Cameron,5,Mid-Buchanan,16
2025-09-24,Seneca,1,Monett,7
2025-09-24,Rockwood Summit,3,Oakville,6
2025-09-24,Liberty,2,Park Hill,3
2025-09-24,St. Pius X (Kansas City),3,Park Hill South,10
2025-09-24,Washington,0,Parkway West,3
2025-09-24,Milan,2,Putnam County,7
2025-09-24,Jackson,9,Seckman,2
2025-09-24,New Bloomfield,18,South Callaway,1
2025-09-24,Harrisburg,12,South Shelby,1
2025-09-24,St. Joseph's Academy,18,St. Clair,0
2025-09-24,Francis Howell North,6,St. Dominic,7
2025-09-24,St. Charles,21,St. Teresa's Academy,11
2025-09-24,Raymore-Peculiar,8,Staley,2
2025-09-24,Cor Jesu Academy,12,Webster Groves,1
2025-09-24,Notre Dame de Sion,5,William Chrisman,6
2025-09-25,Grain Valley,6,Belton,4
2025-09-25,Lee's Summit North,4,Blue Springs,15
2025-09-25,Van-Far,7,Bowling Green,12
2025-09-25,Maysville,14,Brookfield,13
2025-09-25,Bolivar,6,Carl Junction,7
2025-09-25,Webb City,12,Carthage,10
2025-09-25,Nevada,1,Cassville,11
2025-09-25,North Kansas City,0,Central (St. Joseph),15
2025-09-25,Sikeston,0,Chaffee,15
2025-09-25,Benton,6,Chillicothe,7
2025-09-25,Silex,13,Clopton,8
2025-09-25,Ursuline Academy,0,Cor Jesu Academy,15
2025-09-25,Newburg,4,Crocker,14
2025-09-25,Iberia,8,Dixon,1
2025-09-25,South Callaway,3,Eugene,18
2025-09-25,Smithville,17,Excelsior Springs,5
2025-09-25,Blair Oaks,11,Fatima,12
2025-09-25,Russellville,5,Fayette,6
2025-09-25,Raytown,0,Fort Osage,15
2025-09-25,Francis Howell,0,Francis Howell North,3
2025-09-25,North County,4,Fredericktown,14
2025-09-25,Ft. Zumwalt North,2,Ft. Zumwalt South,5
2025-09-25,Marceline,5,Gallatin,2
2025-09-25,Willard,13,Glendale,3
2025-09-25,Southern Boone,2,Hallsville,1
2025-09-25,Canton,3,Hannibal,13
2025-09-25,Pacific,12,Hermann,13
2025-09-25,Climax Springs,16,Hermitage,18
2025-09-25,Ft. Zumwalt West,8,Hickman,2
2025-09-25,Clark County,4,Highland,15
2025-09-25,Knob Noster,0,Holden,15
2025-09-25,Osage,2,Jamestown,6
2025-09-25,Central (Cape Girardeau),3,Jefferson (Festus),13
2025-09-25,Raytown South,0,Kearney,19
2025-09-25,Nixa,6,Kickapoo,15
2025-09-25,Moberly,3,Kirksville,9
2025-09-25,Green City,6,La Plata,7
2025-09-25,Carrollton,21,Lafayette County,3
2025-09-25,Mid-Buchanan,15,Lathrop,0
2025-09-25,East Buchanan,0,Lawson,15
2025-09-25,Ozark,11,Lebanon,1
2025-09-25,Staley,0,Lee's Summit,10
2025-09-25,Blue Springs South,3,Lee's Summit West,4
2025-09-25,Richmond,1,Lexington,2
2025-09-25,Park Hill South,0,Liberty,12
2025-09-25,Summit Christian Academy,16,Lincoln College Prep,0
2025-09-25,Elsberry,15,Louisiana,4
2025-09-25,Westran,10,Macks Creek,5
2025-09-25,Community,13,Madison,0
2025-09-25,Wheatland,5,Marion C. Early,7
2025-09-25,Wellsville-Middletown,0,Mark Twain,17
2025-09-25,Rockwood Summit,2,Marquette,5
2025-09-25,Hillcrest,1,Marshfield,10
2025-09-25,Seneca,1,McDonald County,2
2025-09-25,Aurora,3,Monett,1
2025-09-25,North Callaway,6,Montgomery County,7
2025-09-25,Harrisburg,6,New Bloomfield,5
2025-09-25,Worth County,4,New Franklin,5
2025-09-25,North Harrison,8,North Andrew,4
2025-09-25,Scotland County,0,North Shelby,10
2025-09-25,Schuyler County,1,Northeast (Cairo),8
2025-09-25,Jackson,3,Notre Dame (Cape Girardeau),5
2025-09-25,Warrensburg,1,Oak Grove,9
2025-09-25,St. Michael the Archangel,7,Oak Park,10
2025-09-25,Pleasant Hill,8,Odessa,1
2025-09-25,St. Charles,6,Orchard Farm,8
2025-09-25,Macon,21,Palmyra,8
2025-09-25,Willard,21,Parkview,0
2025-09-25,Parkway Central,19,Parkway North,0
2025-09-25,Fox,2,Parkway South,3
2025-09-25,Hazelwood West,14,Pattonville,3
2025-09-25,Plattsburg,5,Penney,9
2025-09-25,East Carter,3,Poplar Bluff,19
2025-09-25,Kirkwood,7,Ritenour,12
2025-09-25,Waynesville,0,Rolla,10
2025-09-25,Bishop LeBlond,0,Savannah,15
2025-09-25,Capital City,2,Savannah,4
2025-09-25,Polo,0,St. Elizabeth,15
2025-09-25,Webb City,13,St. Clair,0
2025-09-25,St. Joseph's Academy,2,St. Dominic,5
2025-09-25,Owensville,18,St. James,1
2025-09-25,Incarnate Word Academy,8,St. Joseph's Academy,5
2025-09-25,Kelly,14,St. Pius X (Festus),0
2025-09-25,Maryville,3,St. Pius X (Kansas City),13
2025-09-25,Northeast Nodaway,0,Stanberry,10
2025-09-25,Ft. Zumwalt East,0,Timberland,4
2025-09-25,Milan,0,Trenton,15
2025-09-25,Ladue Horton Watkins,2,Valley Park,3
2025-09-25,North Point,10,Washington,15
2025-09-25,Northwest (Cedar Hill),14,Webster Groves,4
2025-09-25,Branson,10,West Plains,0
2025-09-25,North Platte,3,West Platte,5
2025-09-25,Knox County,13,Westran,6
2025-09-25,DeSoto,3,Windsor (Imperial),5
2025-09-25,Warrenton,0,Winfield,11
2025-09-25,Grandview,1,Winnetonka,12
2025-09-26,Linn County,6,Atlanta,14
2025-09-26,McDonald County,6,Belton,3
2025-09-26,Wright City,1,Belton,16
2025-09-26,Liberty,14,Blue Springs,6
2025-09-26,Liberty North,13,Blue Springs,2
2025-09-26,Francis Howell Central,9,Blue Springs,3
2025-09-26,Fulton,19,Boonville,1
2025-09-26,Silex,10,Bowling Green,1
2025-09-26,DeSoto,13,Central (Cape Girardeau),0
2025-09-26,Harrisonville,0,Centralia,15
2025-09-26,Lee's Summit,3,Centralia,1
2025-09-26,Van-Far,31,Cuba,0
2025-09-26,Lindbergh,6,Eureka,7
2025-09-26,Rock Bridge,12,Fort Osage,1
2025-09-26,Kearney,3,Francis Howell Central,2
2025-09-26,Timberland,13,Ft. Zumwalt North,0
2025-09-26,Logan-Rogersville,11,Glendale,1
2025-09-26,Rock Bridge,7,Grain Valley,8
2025-09-26,Liberty North,5,Grain Valley,1
2025-09-26,St. Teresa's Academy,11,Grandview,1
2025-09-26,Hartville,8,Halfway,9
2025-09-26,Norwood,5,Halfway,4
2025-09-26,Van Buren,0,Halfway,1
2025-09-26,Lee's Summit,16,Harrisonville,0
2025-09-26,Norwood,3,Hartville,4
2025-09-26,Van Buren,5,Hartville,9
2025-09-26,Warrensburg,4,Holden,13
2025-09-26,Webb City,10,Holden,3
2025-09-26,Warrenton,7,Holt,13
2025-09-26,Osage,1,Iberia,8
2025-09-26,Monett,1,Joplin,2
2025-09-26,Fort Osage,2,Kearney,6
2025-09-26,Jefferson (Festus),0,Kelly,5
2025-09-26,Blue Springs South,3,Lee's Summit West,4
2025-09-26,Kearney,8,Liberty,4
2025-09-26,Rock Bridge,1,Liberty,11
2025-09-26,Ft. Zumwalt West,12,Liberty (Wentzville),1
2025-09-26,Ruskin,12,Lincoln College Prep,20
2025-09-26,Raytown South,2,Lincoln College Prep,16
2025-09-26,New Bloomfield,4,Linn,5
2025-09-26,Marshfield,10,Marion C. Early,5
2025-09-26,Parkway South,2,Marquette,6
2025-09-26,Wright City,3,McDonald County,6
2025-09-26,Eldon,0,Mexico,1
2025-09-26,Hillsboro,9,Northwest (Cedar Hill),3
2025-09-26,Van Buren,0,Norwood,4
2025-09-26,Meadville,5,Novinger,6
2025-09-26,St. Charles,0,Oak Grove,12
2025-09-26,Kickapoo,8,Ozark,6
2025-09-26,St. Clair,8,Pacific,18
2025-09-26,Humansville,21,Parkview,1
2025-09-26,Ladue Horton Watkins,14,Parkway North,1
2025-09-26,St. Joseph's Academy,15,Pattonville,0
2025-09-26,Northeast (Cairo),21,Pilot Grove,0
2025-09-26,Ft. Zumwalt East,6,Rockwood Summit,16
2025-09-26,Winnetonka,22,Ruskin,7
2025-09-26,Poplar Bluff,17,Sikeston,2
2025-09-26,Willard,3,Savannah,2
2025-09-26,Liberty North,7,Troy Buchanan,1
2025-09-26,Fort Osage,5,Troy Buchanan,6
2025-09-26,St. Teresa's Academy,16,University City,2
2025-09-26,New Franklin,15,Van-Far,3
2025-09-26,Hermitage,0,Walnut Grove,24
2025-09-26,Webb City,14,Warrensburg,1
2025-09-26,Westran,5,Weaubleau,6
2025-09-26,Grandview,1,Winnetonka,17
2025-09-27,Lathrop,1,Albany,4
2025-09-27,Gallatin,4,Albany,8
2025-09-27,Trenton,2,Albany,11
2025-09-27,Schuyler County,4,Albany,9
2025-09-27,Bevier,17,Atlanta,6
2025-09-27,Linn County,3,Atlanta,14
2025-09-27,Oak Grove,1,Belton,11
2025-09-27,Lee's Summit,5,Belton,4
2025-09-27,Novinger,9,Bevier,6
2025-09-27,Troy Buchanan,5,Blue Springs,4
2025-09-27,Fort Osage,3,Blue Springs,8
2025-09-27,Eldon,2,Boonville,1
2025-09-27,Cuba,1,Boonville,25
2025-09-27,Cameron,11,Brookfield,6
2025-09-27,Maysville,7,Brookfield,6
2025-09-27,Milan,0,Cameron,18
2025-09-27,Princeton,1,Cameron,6
2025-09-27,Community,9,Canton,3
2025-09-27,South Shelby,4,Canton,6
2025-09-27,Worth County,1,Canton,11
2025-09-27,Webb City,3,Centralia,10
2025-09-27,Fatima,7,Chillicothe,6
2025-09-27,Iberia,6,Chillicothe,9
2025-09-27,Winfield,3,Clark County,7
2025-09-27,North Shelby,8,Community,1
2025-09-27,Jackson,4,Cor Jesu Academy,0
2025-09-27,Incarnate Word Academy,9,Cor Jesu Academy,2
2025-09-27,Humansville,1,Crocker,9
2025-09-27,Newburg,3,Dixon,16
2025-09-27,Fredericktown,3,Doniphan,11
2025-09-27,Kelly,6,Doniphan,2
2025-09-27,Notre Dame (Cape Girardeau),10,Doniphan,4
2025-09-27,Jefferson (Festus),11,East Carter,6
2025-09-27,Hannibal,0,Elsberry,15
2025-09-27,Silex,7,Elsberry,3
2025-09-27,Clopton,1,Elsberry,11
2025-09-27,Father Tolton,1,Fatima,0
2025-09-27,East Carter,0,Festus,17
2025-09-27,Jefferson (Festus),0,Festus,16
2025-09-27,Liberty North,11,Fort Osage,1
2025-09-27,Liberty,6,Francis Howell Central,0
2025-09-27,Grain Valley,2,Francis Howell Central,0
2025-09-27,Kelly,6,Fredericktown,5
2025-09-27,Notre Dame (Cape Girardeau),5,Fredericktown,6
2025-09-27,Van-Far,19,Fulton,1
2025-09-27,California,7,Fulton,6
2025-09-27,Lathrop,11,Gallatin,4
2025-09-27,Meadville,2,Glasgow,15
2025-09-27,Kearney,4,Grain Valley,5
2025-09-27,Clark County,0,Hannibal,3
2025-09-27,North Callaway,4,Harrisburg,0
2025-09-27,Moberly,2,Harrisburg,17
2025-09-27,St. Charles,4,Harrisonville,2
2025-09-27,Wright City,11,Harrisonville,1
2025-09-27,Scotland County,0,Highland,16
2025-09-27,Lee's Summit,6,Holden,4
2025-09-27,Oak Grove,10,Holden,3
2025-09-27,Father Tolton,4,Iberia,2
2025-09-27,Incarnate Word Academy,7,Jackson,14
2025-09-27,Capital City,1,Jefferson City,2
2025-09-27,Notre Dame (Cape Girardeau),4,Kelly,1
2025-09-27,University City,5,Lincoln College Prep,10
2025-09-27,Novinger,13,Linn County,5
2025-09-27,Silex,8,Louisiana,3
2025-09-27,Clark County,0,Louisiana,10
2025-09-27,Clopton,2,Louisiana,7
2025-09-27,Highland,6,Macon,5
2025-09-27,Scotland County,2,Macon,14
2025-09-27,North Shelby,5,Mark Twain,0
2025-09-27,Worth County,9,Mark Twain,8
2025-09-27,Kirksville,13,Marshall,0
2025-09-27,Princeton,9,Maysville,1
2025-09-27,Webb City,4,McDonald County,3
2025-09-27,Princeton,17,Mercer,0
2025-09-27,Milan,24,Mercer,4
2025-09-27,Van-Far,7,Mexico,6
2025-09-27,California,1,Mexico,11
2025-09-27,North Callaway,4,Moberly,14
2025-09-27,Hannibal,11,Monroe City,2
2025-09-27,Clopton,2,Monroe City,0
2025-09-27,Palmyra,2,Montgomery County,5
2025-09-27,Northeast Nodaway,2,North Andrew,10
2025-09-27,Worth County,10,North Harrison,7
2025-09-27,Schuyler County,5,North Shelby,2
2025-09-27,Penney,16,Northeast Nodaway,1
2025-09-27,Savannah,5,Oak Park,10
2025-09-27,West Platte,11,Oak Park,0
2025-09-27,Russellville,17,Owensville,3
2025-09-27,South Callaway,5,Palmyra,18
2025-09-27,Webster Groves,12,Parkway Central,2
2025-09-27,Ritenour,2,Parkway Central,13
2025-09-27,University City,14,Raytown South,8
2025-09-27,Humansville,6,Richland,16
2025-09-27,Crocker,6,Richland,9
2025-09-27,Liberty North,5,Rock Bridge,1
2025-09-27,Grandview,10,Ruskin,0
2025-09-27,Worth County,1,Schuyler County,2
2025-09-27,West Platte,15,Savannah,0
2025-09-27,Lathrop,10,Schuyler County,0
2025-09-27,Gallatin,4,Schuyler County,9
2025-09-27,Trenton,12,Schuyler County,3
2025-09-27,Winfield,1,Silex,5
2025-09-27,Montgomery County,19,South Callaway,5
2025-09-27,Eugene,1,Southern Boone,10
2025-09-27,Owensville,3,Southern Boone,14
2025-09-27,Dixon,14,St. Clair,0
2025-09-27,St. James,19,St. Clair,10
2025-09-27,Newburg,9,St. Clair,8
2025-09-27,Dixon,19,St. James,4
2025-09-27,Newburg,12,St. James,21
2025-09-27,Gallatin,2,Trenton,0
2025-09-27,Lathrop,7,Trenton,6
2025-09-27,Rock Bridge,1,Troy Buchanan,3
2025-09-27,Warrensburg,8,St. Charles,13
2025-09-27,Wright City,6,Warrensburg,9
2025-09-27,Russellville,5,Waynesville,4
2025-09-27,Eugene,12,Waynesville,1
2025-09-27,Ritenour,1,Webster Groves,11
2025-09-29,Pattonville,23,Affton,7
2025-09-29,West Platte,11,Bishop LeBlond,3
2025-09-29,Lee's Summit West,7,Blue Springs,6
2025-09-29,Marion C. Early,5,Bolivar,11
2025-09-29,Marshall,5,Boonville,8
2025-09-29,Monett,7,Branson,1
2025-09-29,Capital City,21,Camdenton,3
2025-09-29,Clark County,1,Canton,6
2025-09-29,Carl Junction,5,Carthage,4
2025-09-29,McDonald County,2,Cassville,6
2025-09-29,Liberty,12,Central (St. Joseph),2
2025-09-29,South Shelby,0,Centralia,15
2025-09-29,Neelyville,2,Chaffee,7
2025-09-29,University City,21,Clayton,2
2025-09-29,Knob Noster,2,Clinton,17
2025-09-29,Mark Twain,10,Community,4
2025-09-29,Richland,14,Crocker,24
2025-09-29,Plattsburg,2,DeKalb,0
2025-09-29,Silex,2,Elsberry,3
2025-09-29,New Bloomfield,3,Eugene,19
2025-09-29,Windsor (Imperial),14,Farmington,3
2025-09-29,Perryville,0,Festus,10
2025-09-29,Valley Park,1,Fox,10
2025-09-29,Eureka,13,Francis Howell,6
2025-09-29,Parkway South,10,Ft. Zumwalt East,0
2025-09-29,Webb City,11,Glendale,1
2025-09-29,Raytown,0,Grain Valley,15
2025-09-29,Raytown South,11,Grandview,18
2025-09-29,Atlanta,4,Green City,14
2025-09-29,Linn,7,Harrisburg,2
2025-09-29,Halfway,0,Hartville,2
2025-09-29,Cuba,1,Hermann,20
2025-09-29,Glasgow,8,Higbee,0
2025-09-29,Palmyra,2,Highland,12
2025-09-29,Jefferson (Festus),1,Hillsboro,17
2025-09-29,Father Tolton,3,Jamestown,2
2025-09-29,Nevada,0,Joplin,19
2025-09-29,Smithville,0,Kearney,11
2025-09-29,Mexico,1,Kirksville,5
2025-09-29,Marion County,5,La Plata,9
2025-09-29,Brookfield,5,Lafayette County,4
2025-09-29,Trenton,5,Lathrop,8
2025-09-29,Gallatin,5,Lawson,9
2025-09-29,Blue Springs South,2,Liberty North,3
2025-09-29,Ft. Zumwalt West,7,Lindbergh,0
2025-09-29,Ritenour,14,Mehlville,3
2025-09-29,Hannibal,0,Moberly,14
2025-09-29,Van Buren,12,Naylor,5
2025-09-29,Iberia,11,Newburg,1
2025-09-29,Waynesville,1,Nixa,5
2025-09-29,STEAM Academy,21,Normandy Collaborative,2
2025-09-29,Fulton,3,North Callaway,14
2025-09-29,Fayette,3,Northeast (Cairo),4
2025-09-29,East Buchanan,6,Northeast Nodaway,16
2025-09-29,Park Hill South,5,Oak Park,10
2025-09-29,Hallsville,12,Osage,1
2025-09-29,Eldon,10,Owensville,0
2025-09-29,West Plains,1,Ozark,6
2025-09-29,Lafayette (Wildwood),8,Parkway Central,5
2025-09-29,Chillicothe,15,Penney,0
2025-09-29,Belton,4,Platte County,3
2025-09-29,North Andrew,2,Princeton,12
2025-09-29,Milan,2,Putnam County,7
2025-09-29,Lee's Summit,3,Raymore-Peculiar,6
2025-09-29,Logan-Rogersville,2,Republic,1
2025-09-29,Holden,19,Richmond,2
2025-09-29,South Callaway,4,Russellville,17
2025-09-29,Knox County,0,Schuyler County,15
2025-09-29,North Shelby,2,Schuyler County,1
2025-09-29,Parkway North,5,Seckman,15
2025-09-29,Jackson,16,Sikeston,0
2025-09-29,Hickman,7,Savannah,5
2025-09-29,North Platte,1,St. Elizabeth,3
2025-09-29,Pacific,1,St. Joseph's Academy,11
2025-09-29,Oak Grove,6,St. Michael the Archangel,2
2025-09-29,Odessa,14,St. Pius X (Kansas City),1
2025-09-29,Lee's Summit North,1,Staley,0
2025-09-29,Norwood,8,Westran,2
2025-09-29,Rolla,3,Webb City,2
2025-09-29,St. Dominic,0,Timberland,2
2025-09-29,Central (Cape Girardeau),3,St. Clair,17
2025-09-29,Jefferson City,8,Union,1
2025-09-29,Humansville,9,Walnut Grove,13
2025-09-29,Harrisonville,4,Warrensburg,11
2025-09-29,Montgomery County,9,Warrenton,2
2025-09-29,Van-Far,17,Wellsville-Middletown,0
2025-09-29,Macon,17,Westran,2
2025-09-29,Fort Osage,5,William Chrisman,2
2025-09-29,Excelsior Springs,13,Winnetonka,0
2025-09-29,Maryville,0,Worth County,15
2025-09-30,DeKalb,6,Albany,5
2025-09-30,Higbee,7,Atlanta,8
2025-09-30,McDonald County,7,Aurora,1
2025-09-30,Ruskin,0,Belton,15
2025-09-30,Cameron,3,Benton,7
2025-09-30,Maryville,7,Bishop LeBlond,9
2025-09-30,California,3,Blair Oaks,8
2025-09-30,Blue Springs,3,Blue Springs South,4
2025-09-30,Branson,10,Bolivar,2
2025-09-30,Father Tolton,7,Boonville,1
2025-09-30,Polo,0,Brookfield,10
2025-09-30,Southern Boone,12,Capital City,3
2025-09-30,Notre Dame (Cape Girardeau),16,Central (Cape Girardeau),1
2025-09-30,Park Hill,15,Central (St. Joseph),0
2025-09-30,Centralia,12,Chillicothe,3
2025-09-30,Humansville,20,Climax Springs,0
2025-09-30,Mark Twain,4,Clopton,6
2025-09-30,Monroe City,16,Community,5
2025-09-30,Hillsboro,8,Cor Jesu Academy,10
2025-09-30,Chaffee,10,Doniphan,2
2025-09-30,Plattsburg,10,East Buchanan,0
2025-09-30,Hallsville,3,Eugene,10
2025-09-30,Rockwood Summit,1,Eureka,11
2025-09-30,Kelly,6,Farmington,4
2025-09-30,Grain Valley,9,Fort Osage,2
2025-09-30,Liberty (Wentzville),4,Francis Howell,1
2025-09-30,Sikeston,4,Fredericktown,14
2025-09-30,North Point,1,Ft. Zumwalt East,3
2025-09-30,Washington,9,Ft. Zumwalt North,6
2025-09-30,Francis Howell Central,2,Ft. Zumwalt West,7
2025-09-30,Kirksville,18,Fulton,2
2025-09-30,Milan,0,Gallatin,9
2025-09-30,Princeton,15,Green City,0
2025-09-30,Hermitage,0,Halfway,15
2025-09-30,Logan-Rogersville,15,Hillcrest,3
2025-09-30,Summit Christian Academy,0,Holden,3
2025-09-30,Winfield,12,Holt,2
2025-09-30,St. Dominic,4,Jackson,12
2025-09-30,Republic,4,Joplin,3
2025-09-30,Excelsior Springs,0,Kearney,7
2025-09-30,Affton,2,Kirkwood,17
2025-09-30,Carrollton,16,Knob Noster,0
2025-09-30,South Shelby,10,Knox County,12
2025-09-30,Novinger,5,La Plata,9
2025-09-30,Northwest (Cedar Hill),3,Lafayette (Wildwood),13
2025-09-30,Lathrop,4,Lawson,7
2025-09-30,Liberty North,7,Lee's Summit,8
2025-09-30,Raymore-Peculiar,14,Lee's Summit North,3
2025-09-30,Staley,9,Lee's Summit West,5
2025-09-30,Oak Park,2,Liberty,15
2025-09-30,Webster Groves,1,Lindbergh,2
2025-09-30,Iberia,1,Linn,8
2025-09-30,Highland,2,Macon,9
2025-09-30,Maysville,2,Marceline,12
2025-09-30,Canton,9,Marion County,4
2025-09-30,West Plains,0,Marshfield,10
2025-09-30,Bevier,12,Meadville,8
2025-09-30,Fox,15,Mehlville,0
2025-09-30,North Platte,0,Mid-Buchanan,10
2025-09-30,Northeast (Cairo),5,Moberly,9
2025-09-30,St. Clair,6,Naylor,0
2025-09-30,North County,21,Neelyville,5
2025-09-30,Monett,14,Nevada,0
2025-09-30,Fatima,2,New Bloomfield,1
2025-09-30,North Shelby,6,New Franklin,2
2025-09-30,Lebanon,0,Nixa,10
2025-09-30,Louisiana,0,North Callaway,2
2025-09-30,Park Hill South,13,North Kansas City,1
2025-09-30,Marion C. Early,0,Norwood,6
2025-09-30,Lincoln College Prep,5,Notre Dame de Sion,15
2025-09-30,Clinton,3,Oak Grove,13
2025-09-30,Parkway South,3,Oakville,14
2025-09-30,Harrisonville,2,Odessa,4
2025-09-30,Crocker,1,Osage,11
2025-09-30,St. Clair,5,Owensville,16
2025-09-30,Glendale,2,Ozark,5
2025-09-30,Union,6,Pacific,5
2025-09-30,St. Joseph's Academy,13,Parkway North,0
2025-09-30,Pattonville,0,Parkway West,15
2025-09-30,Madison,16,Pilot Grove,3
2025-09-30,Warrensburg,3,Pleasant Hill,13
2025-09-30,Winnetonka,19,Raytown South,3
2025-09-30,Macks Creek,4,Richland,8
2025-09-30,Lafayette County,14,Richmond,3
2025-09-30,Hazelwood West,9,Ritenour,0
2025-09-30,Helias Catholic,1,Rock Bridge,11
2025-09-30,Van-Far,6,Russellville,4
2025-09-30,Westran,3,Schuyler County,2
2025-09-30,North Andrew,1,Savannah,16
2025-09-30,Schuyler County,6,Scotland County,7
2025-09-30,Festus,7,Seckman,1
2025-09-30,Cassville,3,Seneca,0
2025-09-30,Van-Far,0,Silex,9
2025-09-30,Grandview,0,Smithville,17
2025-09-30,Hermann,12,South Callaway,0
2025-09-30,St. James,0,Webb City,13
2025-09-30,Ft. Zumwalt South,0,Timberland,7
2025-09-30,Putnam County,2,Trenton,1
2025-09-30,Francis Howell North,5,Troy Buchanan,0
2025-09-30,William Chrisman,0,St. Charles,10
2025-09-30,Incarnate Word Academy,18,Ursuline Academy,6
2025-09-30,Orchard Farm,7,Warrenton,6
2025-09-30,Kickapoo,15,Waynesville,0
2025-09-30,Willard,4,Webb City,3
2025-09-30,Montgomery County,24,Wellsville-Middletown,5
2025-09-30,Penney,3,West Platte,11
2025-09-30,Walnut Grove,16,Wheatland,18
2025-09-30,Bowling Green,14,Wright City,3
2025-10-01,Hazelwood West,19,Affton,3
2025-10-01,St. Elizabeth,0,Albany,3
2025-10-01,Warrensburg,5,Belton,20
2025-10-01,Maryville,4,Benton,14
2025-10-01,Marceline,9,Cameron,1
2025-10-01,Central (Cape Girardeau),0,Chaffee,10
2025-10-01,Brashear,5,Clark County,12
2025-10-01,Rockwood Summit,4,Cor Jesu Academy,5
2025-10-01,Russellville,22,Cuba,0
2025-10-01,North Callaway,4,Fatima,3
2025-10-01,Troy Buchanan,13,Francis Howell,8
2025-10-01,Winfield,3,Francis Howell North,4
2025-10-01,St. Pius X (Festus),0,Fredericktown,15
2025-10-01,Excelsior Springs,20,Grandview,0
2025-10-01,Helias Catholic,7,Hickman,2
2025-10-01,Elsberry,11,Highland,3
2025-10-01,Lafayette County,16,Knob Noster,0
2025-10-01,Holden,13,Lexington,2
2025-10-01,Seckman,2,Lindbergh,5
2025-10-01,Ozark,9,Logan-Rogersville,3
2025-10-01,Hannibal,5,Louisiana,6
2025-10-01,Wellsville-Middletown,2,Madison,12
2025-10-01,St. Joseph's Academy,8,Maplewood-Richmond Hts.,2
2025-10-01,Harrisburg,3,New Franklin,0
2025-10-01,Liberty,19,North Kansas City,1
2025-10-01,Liberty (Wentzville),13,North Point,6
2025-10-01,Worth County,0,Northeast (Cairo),3
2025-10-01,Jackson,3,Northwest (Cedar Hill),0
2025-10-01,Harrisonville,7,Oak Grove,22
2025-10-01,Mehlville,0,Oakville,18
2025-10-01,Clinton,5,Odessa,9
2025-10-01,Park Hill South,0,Park Hill,6
2025-10-01,Ritenour,5,Parkway South,2
2025-10-01,Blue Springs South,4,Raymore-Peculiar,5
2025-10-01,Capital City,7,Rolla,14
2025-10-01,DeSoto,17,St. Clair,4
2025-10-01,Washington,3,St. Joseph's Academy,4
2025-10-01,Savannah,11,St. Pius X (Kansas City),0
2025-10-01,Blue Springs,4,Staley,7
2025-10-01,Dixon,9,Westran,4
2025-10-01,St. Michael the Archangel,0,Summit Christian Academy,10
2025-10-01,Ruskin,0,St. Charles,20
2025-10-01,Orchard Farm,15,Valley Park,5
2025-10-01,Montgomery County,18,Van-Far,0
2025-10-01,Nevada,4,Walnut Grove,14
2025-10-01,Lafayette (Wildwood),3,Westminster Christian Academy,6
2025-10-02,Seneca,3,Aurora,0
2025-10-02,North Andrew,0,Benton,7
2025-10-02,Liberty North,16,Blue Springs,8
2025-10-02,Wellsville-Middletown,1,Bowling Green,16
2025-10-02,Schuyler County,11,Brookfield,13
2025-10-02,Boonville,0,California,4
2025-10-02,Marshfield,2,Carl Junction,4
2025-10-02,Richmond,0,Carrollton,15
2025-10-02,Joplin,1,Carthage,2
2025-10-02,Monett,3,Cassville,5
2025-10-02,Clark County,0,Centralia,7
2025-10-02,Macon,0,Chillicothe,5
2025-10-02,Pleasant Hill,13,Clinton,1
2025-10-02,St. Joseph's Academy,2,Cor Jesu Academy,12
2025-10-02,Van Buren,0,Doniphan,10
2025-10-02,Lathrop,16,East Buchanan,0
2025-10-02,Neelyville,3,East Carter,10
2025-10-02,Southern Boone,0,Father Tolton,12
2025-10-02,Northwest (Cedar Hill),3,Fox,6
2025-10-02,Ft. Zumwalt West,4,Francis Howell North,2
2025-10-02,Ft. Zumwalt East,9,Ft. Zumwalt South,12
2025-10-02,Nixa,13,Glendale,0
2025-10-02,William Chrisman,0,Grain Valley,10
2025-10-02,Eldon,5,Hallsville,6
2025-10-02,Fulton,12,Hannibal,0
2025-10-02,Westran,8,Hartville,14
2025-10-02,Macks Creek,15,Humansville,7
2025-10-02,St. Dominic,11,Incarnate Word Academy,6
2025-10-02,Chaffee,8,Jackson,1
2025-10-02,Van-Far,12,Jamestown,0
2025-10-02,Festus,11,Jefferson (Festus),0
2025-10-02,Republic,2,Kickapoo,8
2025-10-02,Cameron,3,Kirksville,8
2025-10-02,Lexington,16,Knob Noster,1
2025-10-02,Oakville,0,Lafayette (Wildwood),3
2025-10-02,Holden,8,Lafayette County,0
2025-10-02,Waynesville,5,Lebanon,1
2025-10-02,Lee's Summit North,1,Lee's Summit,6
2025-10-02,Eugene,2,Linn,3
2025-10-02,Bolivar,8,Logan-Rogersville,1
2025-10-02,Northeast (Cairo),20,Madison,0
2025-10-02,Branson,4,Marion C. Early,5
2025-10-02,Elsberry,12,Mark Twain,1
2025-10-02,Gallatin,5,Maysville,1
2025-10-02,Nevada,1,McDonald County,16
2025-10-02,Kirkwood,18,Mehlville,0
2025-10-02,Tri-County,25,Mercer,9
2025-10-02,Moberly,3,Mexico,6
2025-10-02,Penney,0,Mid-Buchanan,17
2025-10-02,Canton,6,Monroe City,9
2025-10-02,Russellville,6,New Bloomfield,8
2025-10-02,Albany,17,North Harrison,4
2025-10-02,Plattsburg,2,North Platte,5
2025-10-02,Ft. Zumwalt North,10,North Point,18
2025-10-02,South Shelby,0,North Shelby,10
2025-10-02,DeKalb,12,Northeast Nodaway,2
2025-10-02,St. Clair,6,Norwood,4
2025-10-02,Bishop LeBlond,21,Notre Dame de Sion,3
2025-10-02,Princeton,17,Novinger,0
2025-10-02,Central (St. Joseph),2,Oak Park,9
2025-10-02,Warrensburg,1,Odessa,8
2025-10-02,Holt,4,Orchard Farm,7
2025-10-02,Harrisburg,9,Osage,1
2025-10-02,Windsor (Imperial),10,Pacific,0
2025-10-02,Webb City,19,Parkview,0
2025-10-02,DeSoto,10,Perryville,0
2025-10-02,New Franklin,15,Pilot Grove,0
2025-10-02,Fort Osage,5,Platte County,7
2025-10-02,Trenton,10,Polo,3
2025-10-02,Central (Cape Girardeau),0,Poplar Bluff,10
2025-10-02,St. Elizabeth,5,Putnam County,3
2025-10-02,Lee's Summit West,5,Raymore-Peculiar,10
2025-10-02,Smithville,19,Raytown South,0
2025-10-02,Pattonville,6,Ritenour,20
2025-10-02,Owensville,6,Rolla,10
2025-10-02,Raytown,13,Ruskin,3
2025-10-02,Scotland County,2,Schuyler County,9
2025-10-02,Harrisonville,5,Sherwood,6
2025-10-02,Kelly,16,Sikeston,0
2025-10-02,North Callaway,4,Silex,0
2025-10-02,Marshall,7,Savannah,10
2025-10-02,Fayette,16,South Callaway,0
2025-10-02,Warrenton,8,St. Charles,9
2025-10-02,Hermann,12,St. Pius X (Festus),1
2025-10-02,St. Michael the Archangel,4,St. Pius X (Kansas City),7
2025-10-02,Summit Christian Academy,15,St. Teresa's Academy,2
2025-10-02,Blue Springs South,9,Staley,1
2025-10-02,Maryville,3,Stanberry,16
2025-10-02,Glasgow,10,Worth County,0
2025-10-02,Liberty (Wentzville),4,Troy Buchanan,11
2025-10-02,Belton,3,St. Charles,5
2025-10-02,St. Joseph's Academy,13,Union,9
2025-10-02,STEAM Academy,6,University City,18
2025-10-02,Hazelwood West,10,Ursuline Academy,2
2025-10-02,Community,6,Van-Far,7
2025-10-02,Timberland,12,Washington,3
2025-10-02,Westminster Christian Academy,8,Webster Groves,0
2025-10-02,Hillcrest,5,West Plains,12
2025-10-02,Lawson,4,West Platte,5
2025-10-02,Weaubleau,5,Wheatland,15
2025-10-02,Kearney,10,Winnetonka,0
2025-10-02,Clopton,3,Wright City,1
2025-10-03,Webb City,15,Aurora,0
2025-10-03,Brashear,17,Bevier,10
2025-10-03,Republic,5,Bolivar,2
2025-10-03,Nixa,11,Camdenton,3
2025-10-03,Lee's Summit North,5,Camdenton,4
2025-10-03,Parkview,0,Carthage,17
2025-10-03,Walnut Grove,27,Climax Springs,0
2025-10-03,Marion C. Early,3,Clinton,2
2025-10-03,Lindbergh,6,Cor Jesu Academy,4
2025-10-03,Iberia,15,Crocker,4
2025-10-03,Parkway Central,2,Eureka,9
2025-10-03,Kickapoo,10,Francis Howell,5
2025-10-03,Oak Grove,13,Ft. Zumwalt South,3
2025-10-03,Blair Oaks,7,Ft. Zumwalt South,12
2025-10-03,Marquette,3,Ft. Zumwalt West,5
2025-10-03,Webb City,11,Glendale,1
2025-10-03,Aurora,9,Glendale,10
2025-10-03,Hermitage,0,Halfway,11
2025-10-03,Mexico,7,Hickman,8
2025-10-03,Savannah,7,Hickman,4
2025-10-03,Jamestown,9,Higbee,6
2025-10-03,Carl Junction,19,Hillcrest,7
2025-10-03,Liberty (Wentzville),9,Incarnate Word Academy,1
2025-10-03,Liberty (Wentzville),1,Jefferson City,10
2025-10-03,Incarnate Word Academy,1,Jefferson City,4
2025-10-03,Marshfield,0,Joplin,1
2025-10-03,Liberty,11,Joplin,1
2025-10-03,Oakville,2,Kelly,0
2025-10-03,Windsor (Imperial),5,Kelly,2
2025-10-03,Lee's Summit West,3,Lafayette (Wildwood),6
2025-10-03,Father Tolton,6,Lafayette (Wildwood),0
2025-10-03,Nixa,6,Lee's Summit North,10
2025-10-03,Father Tolton,2,Lee's Summit West,8
2025-10-03,St. Joseph's Academy,6,Linn,9
2025-10-03,La Plata,12,Linn County,4
2025-10-03,Liberty,11,Marshfield,1
2025-10-03,Ladue Horton Watkins,14,Mehlville,4
2025-10-03,Savannah,5,Mexico,2
2025-10-03,Cuba,15,Newburg,25
2025-10-03,Rockwood Summit,9,Notre Dame (Cape Girardeau),1
2025-10-03,Atlanta,14,Novinger,15
2025-10-03,Blair Oaks,9,Oak Grove,15
2025-10-03,Notre Dame (Cape Girardeau),0,Oakville,0
2025-10-03,Bolivar,10,Park Hill South,4
2025-10-03,Republic,12,Park Hill South,0
2025-10-03,Ft. Zumwalt North,23,Parkway North,1
2025-10-03,Fox,4,Parkway West,5
2025-10-03,St. Teresa's Academy,0,Republic,11
2025-10-03,Dixon,7,Richland,1
2025-10-03,Windsor (Imperial),0,Rockwood Summit,6
2025-10-03,Branson,3,Rolla,9
2025-10-03,St. Teresa's Academy,1,Rolla,16
2025-10-03,Doniphan,19,Sikeston,0
2025-10-03,St. Joseph's Academy,5,Southern Boone,3
2025-10-03,Linn,4,Southern Boone,3
2025-10-03,Lebanon,18,St. James,3
2025-10-03,Willard,2,Webb City,1
2025-10-03,West Plains,4,Webb City,12
2025-10-03,Neelyville,4,Van Buren,7
2025-10-03,Ft. Zumwalt East,11,Warrenton,0
2025-10-03,Willard,15,West Plains,0
2025-10-03,St. Teresa's Academy,4,West Plains,13
2025-10-03,Weaubleau,0,Wheatland,12
2025-10-04,North Platte,1,Albany,6
2025-10-04,Odessa,3,Albany,0
2025-10-04,Benton,1,Albany,3
2025-10-04,Milan,7,Atlanta,12
2025-10-04,Green City,14,Atlanta,15
2025-10-04,Worth County,7,Atlanta,8
2025-10-04,Trenton,15,Atlanta,0
2025-10-04,Branson,9,Aurora,11
2025-10-04,Park Hill South,15,Aurora,0
2025-10-04,Mid-Buchanan,2,Benton,3
2025-10-04,North Andrew,7,Benton,4
2025-10-04,Incarnate Word Academy,1,Blair Oaks,7
2025-10-04,Willard,8,Bolivar,7
2025-10-04,St. Teresa's Academy,0,Branson,11
2025-10-04,Knox County,0,Brookfield,13
2025-10-04,Liberty,18,Camdenton,3
2025-10-04,Hillcrest,4,Camdenton,8
2025-10-04,Marshall,14,Cameron,7
2025-10-04,Webb City,10,Carl Junction,1
2025-10-04,Benton,8,Carrollton,1
2025-10-04,St. Elizabeth,6,Carrollton,2
2025-10-04,Staley,13,Central (St. Joseph),0
2025-10-04,Hannibal,1,Centralia,16
2025-10-04,Kirksville,2,Centralia,13
2025-10-04,Macon,0,Centralia,12
2025-10-04,Gallatin,3,DeKalb,0
2025-10-04,North Platte,8,DeKalb,1
2025-10-04,North Andrew,6,DeKalb,13
2025-10-04,Silex,6,Eugene,0
2025-10-04,Schuyler County,5,Eugene,1
2025-10-04,Rock Bridge,13,Fort Osage,2
2025-10-04,Rolla,4,Francis Howell,18
2025-10-04,Nixa,15,Francis Howell,7
2025-10-04,Jefferson City,9,Ft. Zumwalt South,4
2025-10-04,Savannah,10,Ft. Zumwalt South,0
2025-10-04,St. Elizabeth,1,Gallatin,8
2025-10-04,Webb City,2,Glendale,6
2025-10-04,Carl Junction,6,Glendale,7
2025-10-04,Worth County,17,Green City,1
2025-10-04,Wheatland,3,Halfway,5
2025-10-04,Hallsville,5,Hannibal,1
2025-10-04,Knox County,0,Harrisburg,11
2025-10-04,St. James,7,Hermann,25
2025-10-04,Mark Twain,2,Hermann,9
2025-10-04,Weaubleau,17,Hermitage,3
2025-10-04,Humansville,8,Hermitage,7
2025-10-04,Liberty (Wentzville),8,Hickman,10
2025-10-04,Father Tolton,5,Hickman,6
2025-10-04,Lee's Summit West,9,Hickman,12
2025-10-04,Liberty,8,Hickman,10
2025-10-04,Liberty,5,Hillcrest,3
2025-10-04,Macks Creek,13,Humansville,1
2025-10-04,Liberty (Wentzville),8,Jefferson City,7
2025-10-04,Webb City,7,Kickapoo,13
2025-10-04,Lee's Summit North,2,Kickapoo,7
2025-10-04,Marshfield,5,Kickapoo,8
2025-10-04,Hallsville,3,Kirksville,5
2025-10-04,California,0,Kirksville,5
2025-10-04,South Shelby,1,La Plata,27
2025-10-04,Blair Oaks,5,Lafayette (Wildwood),6
2025-10-04,Mexico,4,Lafayette (Wildwood),11
2025-10-04,Oak Park,1,Lawson,12
2025-10-04,Excelsior Springs,3,Lawson,13
2025-10-04,Bolivar,2,Lee's Summit North,10
2025-10-04,Oak Grove,6,Lee's Summit West,10
2025-10-04,Cameron,10,Lexington,12
2025-10-04,Branson,5,Liberty,17
2025-10-04,Weaubleau,1,Macks Creek,13
2025-10-04,Wright City,2,Macon,17
2025-10-04,California,2,Macon,7
2025-10-04,Lexington,3,Marshall,10
2025-10-04,Lee's Summit North,0,Marshfield,3
2025-10-04,North Harrison,8,Meadville,3
2025-10-04,North Andrew,0,Mid-Buchanan,12
2025-10-04,St. Elizabeth,0,Mid-Buchanan,3
2025-10-04,Worth County,25,Milan,5
2025-10-04,Westran,1,Moberly,9
2025-10-04,Fayette,3,Moberly,18
2025-10-04,Scotland County,3,Monroe City,13
2025-10-04,Harrisburg,9,Monroe City,1
2025-10-04,Canton,4,Monroe City,9
2025-10-04,New Bloomfield,2,Montgomery County,0
2025-10-04,Van-Far,16,Montgomery County,1
2025-10-04,Windsor (Imperial),10,Neelyville,3
2025-10-04,Silex,4,New Bloomfield,5
2025-10-04,St. Teresa's Academy,0,Nixa,15
2025-10-04,Hallsville,23,North Callaway,6
2025-10-04,California,6,North Callaway,5
2025-10-04,Wright City,0,North Callaway,10
2025-10-04,Oak Park,15,North Kansas City,2
2025-10-04,Excelsior Springs,21,North Kansas City,0
2025-10-04,Father Tolton,5,Oak Grove,1
2025-10-04,North Platte,1,Odessa,2
2025-10-04,Mid-Buchanan,12,Odessa,2
2025-10-04,Gallatin,5,Odessa,19
2025-10-04,Branson,5,Park Hill South,8
2025-10-04,Willard,7,Park Hill South,2
2025-10-04,Harrisburg,10,Putnam County,0
2025-10-04,Brookfield,0,Putnam County,2
2025-10-04,Canton,7,Putnam County,1
2025-10-04,St. Teresa's Academy,0,Republic,11
2025-10-04,Neelyville,0,Rockwood Summit,7
2025-10-04,Nixa,15,Rolla,5
2025-10-04,Van-Far,16,Schuyler County,1
2025-10-04,Liberty (Wentzville),5,Savannah,4
2025-10-04,Canton,6,Schuyler County,5
2025-10-04,Brookfield,11,Schuyler County,1
2025-10-04,Scotland County,4,Schuyler County,6
2025-10-04,Van-Far,5,Silex,6
2025-10-04,Montgomery County,18,South Callaway,7
2025-10-04,Eugene,13,South Callaway,2
2025-10-04,Mark Twain,21,St. James,0
2025-10-04,Rock Bridge,7,Staley,1
2025-10-04,Webb City,13,Webb City,1
2025-10-04,South Shelby,2,Trenton,13
2025-10-04,La Plata,1,Trenton,10
2025-10-04,St. Teresa's Academy,4,West Plains,13
2025-10-04,Republic,20,West Plains,0
2025-10-04,Fayette,9,Westran,16
2025-10-06,Ladue Horton Watkins,2,Affton,0
2025-10-06,Brashear,24,Atlanta,20
2025-10-06,William Chrisman,2,Belton,17
2025-10-06,Hickman,8,Blair Oaks,2
2025-10-06,Staley,9,Blue Springs,10
2025-10-06,Raymore-Peculiar,3,Blue Springs South,1
2025-10-06,Glendale,1,Bolivar,5
2025-10-06,New Franklin,3,Boonville,7
2025-10-06,Seneca,2,Branson,1
2025-10-06,Gallatin,10,Brookfield,3
2025-10-06,Palmyra,9,Canton,19
2025-10-06,Neelyville,11,Central (Cape Girardeau),14
2025-10-06,Park Hill South,15,Central (St. Joseph),0
2025-10-06,North Callaway,0,Centralia,2
2025-10-06,Bishop LeBlond,5,Chillicothe,20
2025-10-06,STEAM Academy,16,Clayton,14
2025-10-06,Marshall,16,Clinton,5
2025-10-06,Parkway South,6,DeSoto,1
2025-10-06,Naylor,3,East Carter,7
2025-10-06,Dixon,1,Eldon,11
2025-10-06,Raytown South,0,Excelsior Springs,18
2025-10-06,Seckman,8,Farmington,5
2025-10-06,Hallsville,6,Fatima,11
2025-10-06,Pilot Grove,0,Fayette,15
2025-10-06,Ruskin,0,Fort Osage,19
2025-10-06,Francis Howell,2,Francis Howell Central,7
2025-10-06,Pattonville,0,Ft. Zumwalt North,15
2025-10-06,Timberland,0,Ft. Zumwalt West,5
2025-10-06,Platte County,1,Grain Valley,8
2025-10-06,St. Joseph's Academy,1,Hazelwood West,2
2025-10-06,Capital City,0,Helias Catholic,13
2025-10-06,Wright City,15,Hermann,7
2025-10-06,Russellville,14,Iberia,10
2025-10-06,California,2,Jamestown,4
2025-10-06,Savannah,1,Jefferson City,2
2025-10-06,Grandview,0,Kearney,20
2025-10-06,Clark County,5,Knox County,6
2025-10-06,Lexington,7,Lafayette County,3
2025-10-06,Lee's Summit,11,Lee's Summit West,0
2025-10-06,Park Hill,1,Liberty,2
2025-10-06,Francis Howell North,7,Liberty (Wentzville),1
2025-10-06,Lee's Summit North,5,Liberty North,1
2025-10-06,Aurora,0,Logan-Rogersville,10
2025-10-06,Hartville,10,Marion C. Early,9
2025-10-06,Scotland County,7,Milan,2
2025-10-06,Fulton,1,Moberly,9
2025-10-06,Community,7,Montgomery County,8
2025-10-06,Ft. Zumwalt South,8,North Point,9
2025-10-06,La Plata,2,Northeast (Cairo),10
2025-10-06,Parkway West,10,Northwest (Cedar Hill),0
2025-10-06,Van Buren,4,Norwood,14
2025-10-06,Harrisonville,16,Notre Dame de Sion,1
2025-10-06,Mid-Buchanan,7,Oak Grove,3
2025-10-06,North Kansas City,1,Oak Park,11
2025-10-06,Richland,0,Osage,10
2025-10-06,Cuba,1,Owensville,16
2025-10-06,Linn,8,Pacific,1
2025-10-06,Lebanon,16,Parkview,0
2025-10-06,Parkway North,2,Parkway Central,13
2025-10-06,St. Elizabeth,20,Penney,3
2025-10-06,Odessa,6,Pleasant Hill,7
2025-10-06,Highland,9,Putnam County,3
2025-10-06,St. Charles,17,Raytown,1
2025-10-06,Rockwood Summit,13,Ritenour,2
2025-10-06,Monroe City,1,Silex,16
2025-10-06,Louisiana,10,South Shelby,4
2025-10-06,Fredericktown,17,St. Clair,4
2025-10-06,Ursuline Academy,0,St. Joseph's Academy,15
2025-10-06,Newburg,29,St. James,24
2025-10-06,Wellsville-Middletown,5,Worth County,20
2025-10-06,Albany,4,Trenton,5
2025-10-06,Linn County,14,Tri-County,13
2025-10-06,Incarnate Word Academy,4,Union,7
2025-10-06,Marion County,0,Van-Far,10
2025-10-06,Bowling Green,14,Warrenton,4
2025-10-06,Crocker,2,Waynesville,13
2025-10-06,Halfway,6,Weaubleau,3
2025-10-06,Monett,0,Webb City,3
2025-10-06,Mehlville,4,Webster Groves,14
2025-10-06,Poplar Bluff,10,West Plains,0
2025-10-06,Orchard Farm,2,Westminster Christian Academy,12
2025-10-06,Mark Twain,12,Westran,6
2025-10-06,Climax Springs,1,Wheatland,23
2025-10-06,Hermitage,1,Wheatland,11
2025-10-06,Carl Junction,7,Willard,8
2025-10-06,Hillsboro,5,Windsor (Imperial),4
2025-10-06,Ft. Zumwalt East,0,Winfield,10
2025-10-06,Smithville,6,Winnetonka,0
2025-10-07,Cassville,8,Aurora,1
2025-10-07,West Plains,4,Bolivar,6
2025-10-07,Hillcrest,4,Branson,10
2025-10-07,Higbee,6,Brashear,4
2025-10-07,Osage,1,California,11
2025-10-07,New Bloomfield,6,Capital City,8
2025-10-07,Macon,8,Clark County,0
2025-10-07,Newburg,16,Climax Springs,0
2025-10-07,Bowling Green,13,Clopton,10
2025-10-07,Dixon,7,Crocker,11
2025-10-07,Jefferson (Festus),2,DeSoto,10
2025-10-07,Sikeston,2,East Carter,21
2025-10-07,Russellville,5,Eldon,6
2025-10-07,Montgomery County,0,Elsberry,10
2025-10-07,Van-Far,7,Eugene,3
2025-10-07,Northwest (Cedar Hill),2,Eureka,12
2025-10-07,Chaffee,13,Farmington,0
2025-10-07,Helias Catholic,1,Father Tolton,4
2025-10-07,Webster Groves,4,Festus,12
2025-10-07,St. Charles,3,Fort Osage,9
2025-10-07,Lindbergh,10,Fox,0
2025-10-07,Francis Howell Central,3,Francis Howell North,4
2025-10-07,Washington,16,Ft. Zumwalt South,4
2025-10-07,Boonville,6,Fulton,7
2025-10-07,Winnetonka,19,Grandview,3
2025-10-07,Raytown,17,Grandview,1
2025-10-07,Macks Creek,3,Halfway,13
2025-10-07,Centralia,7,Hallsville,0
2025-10-07,Perryville,17,Hancock,0
2025-10-07,Kirksville,16,Hannibal,1
2025-10-07,Clinton,1,Harrisonville,11
2025-10-07,St. James,7,Hermann,22
2025-10-07,Richmond,0,Holden,15
2025-10-07,New Franklin,3,Jamestown,18
2025-10-07,Willard,0,Joplin,4
2025-10-07,Lebanon,0,Kickapoo,15
2025-10-07,Hazelwood West,0,Kirkwood,8
2025-10-07,Ritenour,7,Ladue Horton Watkins,2
2025-10-07,Parkway South,11,Lafayette (Wildwood),19
2025-10-07,Knob Noster,3,Lafayette County,18
2025-10-07,Blue Springs South,15,Lee's Summit,0
2025-10-07,Lee's Summit West,13,Lee's Summit North,1
2025-10-07,Carrollton,11,Lexington,3
2025-10-07,Notre Dame de Sion,14,Lincoln College Prep,2
2025-10-07,Milan,15,Linn County,1
2025-10-07,Marshfield,6,Logan-Rogersville,3
2025-10-07,Community,2,Louisiana,1
2025-10-07,Bevier,7,Madison,11
2025-10-07,Cuba,15,Maplewood-Richmond Hts.,9
2025-10-07,Knox County,0,Marceline,11
2025-10-07,North Callaway,6,Mark Twain,0
2025-10-07,Savannah,18,Maryville,0
2025-10-07,Albany,16,Maysville,0
2025-10-07,Affton,2,Mehlville,18
2025-10-07,Lawson,1,Mid-Buchanan,11
2025-10-07,McDonald County,7,Monett,0
2025-10-07,Doniphan,20,Naylor,4
2025-10-07,Jackson,12,North County,0
2025-10-07,Central (St. Joseph),22,North Kansas City,4
2025-10-07,East Buchanan,0,North Platte,11
2025-10-07,Bishop LeBlond,8,Northeast Nodaway,5
2025-10-07,Seckman,1,Oakville,10
2025-10-07,South Callaway,2,Owensville,12
2025-10-07,Webb City,2,Ozark,0
2025-10-07,Oak Park,0,Park Hill,7
2025-10-07,Liberty,6,Park Hill South,9
2025-10-07,Holt,19,Pattonville,7
2025-10-07,Lathrop,12,Penney,0
2025-10-07,William Chrisman,0,Platte County,18
2025-10-07,West Platte,8,Plattsburg,2
2025-10-07,Blue Springs,1,Raymore-Peculiar,7
2025-10-07,Kearney,17,Raytown South,0
2025-10-07,Carthage,1,Republic,5
2025-10-07,Parkway West,15,Rockwood Summit,5
2025-10-07,Camdenton,3,Rolla,11
2025-10-07,Fayette,11,Schuyler County,9
2025-10-07,Westran,6,Schuyler County,9
2025-10-07,Nevada,0,Seneca,11
2025-10-07,Excelsior Springs,0,Smithville,4
2025-10-07,Highland,20,South Shelby,0
2025-10-07,Blair Oaks,4,Southern Boone,2
2025-10-07,St. Pius X (Festus),17,St. Clair,2
2025-10-07,Parkway North,0,St. Dominic,15
2025-10-07,Webb City,5,St. Joseph's Academy,6
2025-10-07,St. Teresa's Academy,1,St. Michael the Archangel,11
2025-10-07,Liberty North,6,Staley,4
2025-10-07,Hermitage,0,Westran,11
2025-10-07,Odessa,3,Summit Christian Academy,1
2025-10-07,Ft. Zumwalt West,5,Troy Buchanan,3
2025-10-07,Van Buren,6,St. Clair,7
2025-10-07,St. Joseph's Academy,15,Ursuline Academy,4
2025-10-07,Weaubleau,3,Walnut Grove,5
2025-10-07,Oak Grove,20,Warrensburg,18
2025-10-07,Union,18,Warrenton,2
2025-10-07,Glendale,5,Waynesville,3
2025-10-07,Silex,16,Wellsville-Middletown,0
2025-10-07,St. Charles,0,Westminster Christian Academy,15
2025-10-07,Sherwood,2,Wheatland,17
2025-10-07,Van-Far,4,Wright City,5
2025-10-08,Logan-Rogersville,5,Branson,3
2025-10-08,Fredericktown,3,Chaffee,7
2025-10-08,Jackson,8,Doniphan,0
2025-10-08,Winfield,1,Elsberry,2
2025-10-08,Troy Buchanan,1,Eureka,2
2025-10-08,Kearney,14,Excelsior Springs,1
2025-10-08,Belton,15,Fort Osage,0
2025-10-08,Holt,6,Ft. Zumwalt North,16
2025-10-08,New Franklin,0,Glasgow,15
2025-10-08,Humansville,20,Grandview,3
2025-10-08,Affton,16,Hancock,12
2025-10-08,Worth County,0,Harrisburg,5
2025-10-08,Odessa,15,Harrisonville,8
2025-10-08,Valley Park,2,Hazelwood West,16
2025-10-08,Fatima,3,Helias Catholic,13
2025-10-08,Camdenton,0,Hickman,5
2025-10-08,Rolla,19,Hillcrest,2
2025-10-08,Southern Boone,3,Jefferson City,4
2025-10-08,Meadville,1,La Plata,11
2025-10-08,Cameron,6,Lathrop,3
2025-10-08,Liberty North,16,Lee's Summit North,5
2025-10-08,Parkway South,0,Lindbergh,10
2025-10-08,Marceline,3,Macon,4
2025-10-08,Cor Jesu Academy,19,Mehlville,1
2025-10-08,Hannibal,3,Mexico,13
2025-10-08,Maryville,0,Mid-Buchanan,10
2025-10-08,Brookfield,8,Milan,0
2025-10-08,Clopton,13,Monroe City,8
2025-10-08,Carl Junction,23,Nevada,2
2025-10-08,Schuyler County,9,North Shelby,2
2025-10-08,Bishop LeBlond,8,Northeast Nodaway,5
2025-10-08,Perryville,2,Notre Dame (Cape Girardeau),14
2025-10-08,Oakville,7,Pacific,5
2025-10-08,South Shelby,6,Palmyra,11
2025-10-08,Savannah,0,Park Hill,3
2025-10-08,Fox,1,Parkway Central,11
2025-10-08,Grain Valley,1,Platte County,0
2025-10-08,Savannah,2,Rock Bridge,12
2025-10-08,Winnetonka,4,Smithville,12
2025-10-08,Ritenour,2,St. Dominic,5
2025-10-08,Westminster Christian Academy,11,St. Joseph's Academy,0
2025-10-08,Lexington,14,St. Pius X (Kansas City),4
2025-10-08,Ladue Horton Watkins,25,STEAM Academy,10
2025-10-08,Union,6,Webb City,8
2025-10-08,Lafayette (Wildwood),18,Timberland,4
2025-10-08,St. Michael the Archangel,0,St. Charles,10
2025-10-08,Marion C. Early,9,Walnut Grove,2
2025-10-08,Warrenton,1,Washington,5
2025-10-08,Seckman,9,Webster Groves,2
2025-10-09,La Plata,23,Atlanta,9
2025-10-09,Nevada,2,Aurora,17
2025-10-09,Lee's Summit North,6,Belton,10
2025-10-09,Hallsville,7,California,1
2025-10-09,Holden,4,Carrollton,1
2025-10-09,Park Hill South,3,Central (St. Joseph),2
2025-10-09,Poplar Bluff,6,Chaffee,7
2025-10-09,Blair Oaks,1,Chillicothe,11
2025-10-09,Osage,25,Climax Springs,2
2025-10-09,Van-Far,1,Clopton,5
2025-10-09,Marion County,0,Community,10
2025-10-09,St. Clair,22,Cuba,12
2025-10-09,Wheatland,15,Dixon,10
2025-10-09,Boonville,2,Eldon,4
2025-10-09,Windsor (Imperial),6,Festus,3
2025-10-09,Blue Springs South,12,Fort Osage,4
2025-10-09,Ft. Zumwalt South,1,Francis Howell Central,7
2025-10-09,Timberland,7,Ft. Zumwalt East,4
2025-10-09,Rock Bridge,3,Ft. Zumwalt West,1
2025-10-09,Mexico,19,Fulton,0
2025-10-09,Fayette,5,Glasgow,11
2025-10-09,Kickapoo,18,Glendale,7
2025-10-09,Blue Springs,3,Grain Valley,4
2025-10-09,New Bloomfield,14,Hermann,0
2025-10-09,Knox County,3,Highland,17
2025-10-09,Bolivar,12,Hillcrest,0
2025-10-09,Seckman,1,Hillsboro,6
2025-10-09,Westminster Christian Academy,18,Incarnate Word Academy,0
2025-10-09,Notre Dame (Cape Girardeau),2,Kelly,0
2025-10-09,Plattsburg,2,Lathrop,3
2025-10-09,North Platte,5,Lawson,4
2025-10-09,Carthage,12,Lebanon,4
2025-10-09,Park Hill,5,Lee's Summit,6
2025-10-09,Lafayette County,4,Lexington,6
2025-10-09,Smithville,1,Liberty,8
2025-10-09,Summit Christian Academy,22,Lincoln College Prep,5
2025-10-09,Mercer,20,Linn County,17
2025-10-09,Mark Twain,3,Louisiana,7
2025-10-09,Humansville,1,Macks Creek,10
2025-10-09,Halfway,7,Marion C. Early,11
2025-10-09,Eureka,7,Marquette,10
2025-10-09,Moberly,8,Marshall,2
2025-10-09,Branson,5,Marshfield,6
2025-10-09,St. Elizabeth,11,Maryville,0
2025-10-09,Cassville,3,McDonald County,13
2025-10-09,Hazelwood West,18,Mehlville,8
2025-10-09,West Platte,0,Mid-Buchanan,10
2025-10-09,Albany,10,Milan,0
2025-10-09,Central (Cape Girardeau),8,Naylor,17
2025-10-09,Doniphan,15,Neelyville,0
2025-10-09,Richland,13,Newburg,10
2025-10-09,DeKalb,3,North Andrew,6
2025-10-09,Bowling Green,1,North Callaway,2
2025-10-09,Jefferson (Festus),4,North County,14
2025-10-09,Ruskin,2,North Kansas City,20
2025-10-09,Holt,3,North Point,13
2025-10-09,Harrisburg,7,Northeast (Cairo),3
2025-10-09,Parkway Central,8,Northwest (Cedar Hill),4
2025-10-09,Green City,8,Novinger,9
2025-10-09,St. Charles,2,Oak Park,1
2025-10-09,Fox,6,Oakville,3
2025-10-09,Oak Grove,0,Odessa,2
2025-10-09,Montgomery County,6,Owensville,4
2025-10-09,Nixa,9,Ozark,5
2025-10-09,Centralia,16,Palmyra,1
2025-10-09,Joplin,21,Parkview,0
2025-10-09,Parkway West,25,Parkway North,4
2025-10-09,Liberty (Wentzville),11,Parkway South,6
2025-10-09,Kirkwood,17,Pattonville,1
2025-10-09,East Buchanan,1,Penney,11
2025-10-09,Farmington,13,Perryville,12
2025-10-09,Russellville,25,Pilot Grove,0
2025-10-09,Kearney,6,Platte County,1
2025-10-09,Raytown South,0,Pleasant Hill,20
2025-10-09,St. Michael the Archangel,0,Pleasant Hill,10
2025-10-09,Gallatin,5,Princeton,3
2025-10-09,North Harrison,1,Putnam County,9
2025-10-09,Liberty North,3,Raymore-Peculiar,5
2025-10-09,Winnetonka,14,Raytown,6
2025-10-09,St. Michael the Archangel,20,Raytown South,4
2025-10-09,Knob Noster,3,Richmond,5
2025-10-09,Brookfield,0,Schuyler County,10
2025-10-09,Canton,3,Scotland County,4
2025-10-09,Monett,3,Seneca,2
2025-10-09,Camdenton,0,Savannah,6
2025-10-09,Jamestown,17,South Callaway,8
2025-10-09,Clark County,6,South Shelby,4
2025-10-09,Ft. Zumwalt North,9,St. Charles,6
2025-10-09,Linn,4,Van-Far,5
2025-10-09,Crocker,10,St. James,12
2025-10-09,St. Joseph's Academy,19,St. Joseph's Academy,5
2025-10-09,St. Teresa's Academy,6,St. Pius X (Kansas City),5
2025-10-09,Lee's Summit West,2,Staley,8
2025-10-09,Cameron,3,Trenton,10
2025-10-09,East Carter,7,St. Clair,8
2025-10-09,Silex,10,Union,6
2025-10-09,Pacific,4,Valley Park,6
2025-10-09,Clinton,4,Warrensburg,8
2025-10-09,Wright City,17,Wellsville-Middletown,1
2025-10-09,Carl Junction,4,West Plains,5
2025-10-09,New Franklin,7,Westran,5
2025-10-09,Republic,6,Willard,11
2025-10-09,Grandview,1,William Chrisman,16
2025-10-09,Maysville,4,Worth County,5
2025-10-10,Lebanon,11,Aurora,5
2025-10-10,Troy Buchanan,12,Bowling Green,2
2025-10-10,Willard,4,Carthage,1
2025-10-10,Webb City,4,Carthage,0
2025-10-10,Windsor (Imperial),5,Cor Jesu Academy,7
2025-10-10,Marquette,13,Cor Jesu Academy,6
2025-10-10,Fox,4,DeSoto,3
2025-10-10,Poplar Bluff,1,DeSoto,10
2025-10-10,Newburg,2,Dixon,12
2025-10-10,Humansville,2,Dixon,12
2025-10-10,Eugene,7,Fatima,8
2025-10-10,Poplar Bluff,3,Fox,1
2025-10-10,Elsberry,0,Francis Howell,1
2025-10-10,Ft. Zumwalt South,0,Francis Howell North,15
2025-10-10,Schuyler County,23,Green City,0
2025-10-10,Crocker,3,Hartville,1
2025-10-10,Savannah,3,Helias Catholic,5
2025-10-10,Marquette,11,Hillsboro,7
2025-10-10,Oakville,3,Hillsboro,2
2025-10-10,Lindbergh,5,Lafayette (Wildwood),4
2025-10-10,Walnut Grove,3,Macks Creek,9
2025-10-10,Van-Far,14,Nixa,4
2025-10-10,Parkway North,1,Northwest (Cedar Hill),16
2025-10-10,East Carter,3,Norwood,9
2025-10-10,Windsor (Imperial),14,Oakville,9
2025-10-10,Nixa,10,Owensville,4
2025-10-10,Van-Far,13,Owensville,2
2025-10-10,Rockwood Summit,5,Ozark,7
2025-10-10,St. Joseph's Academy,3,Ozark,11
2025-10-10,St. Joseph's Academy,8,Rockwood Summit,6
2025-10-10,Cuba,1,Rolla,22
2025-10-10,Parkway South,9,Seckman,1
2025-10-10,Winfield,12,St. Charles,1
2025-10-10,Ursuline Academy,0,St. Dominic,15
2025-10-10,Kirkwood,3,St. Joseph's Academy,5
2025-10-10,Willard,6,Webb City,0
2025-10-10,Kelly,9,St. Clair,0
2025-10-10,Maplewood-Richmond Hts.,4,Valley Park,19
2025-10-10,Climax Springs,24,Weaubleau,25
2025-10-10,Republic,9,Webb City,6
2025-10-10,Eureka,2,Westminster Christian Academy,1
2025-10-10,Mark Twain,22,Wright City,10
2025-10-11,Gallatin,5,Albany,6
2025-10-11,La Plata,3,Albany,1
2025-10-11,Lathrop,8,Albany,7
2025-10-11,Marceline,11,Albany,0
2025-10-11,Cassville,8,Bolivar,11
2025-10-11,McDonald County,8,Bolivar,9
2025-10-11,Owensville,0,Carthage,14
2025-10-11,Rockwood Summit,9,Carthage,8
2025-10-11,Hillsboro,1,Cor Jesu Academy,1
2025-10-11,Nixa,16,Cuba,0
2025-10-11,Central (Cape Girardeau),5,Farmington,4
2025-10-11,Princeton,7,Gallatin,2
2025-10-11,La Plata,4,Gallatin,10
2025-10-11,Waynesville,3,Hillcrest,2
2025-10-11,Lafayette (Wildwood),3,Jackson,6
2025-10-11,Rock Bridge,11,Kickapoo,1
2025-10-11,Maysville,4,La Plata,11
2025-10-11,Sherwood,5,Lafayette County,12
2025-10-11,Odessa,16,Lafayette County,0
2025-10-11,Marshall,8,Lafayette County,9
2025-10-11,Princeton,3,Lathrop,9
2025-10-11,Marceline,6,Lathrop,11
2025-10-11,Penney,3,Lawson,13
2025-10-11,Kickapoo,7,Liberty North,8
2025-10-11,Rock Bridge,5,Liberty North,15
2025-10-11,Raytown South,10,Lincoln College Prep,20
2025-10-11,Hillcrest,0,Logan-Rogersville,9
2025-10-11,Waynesville,1,Logan-Rogersville,5
2025-10-11,Maysville,0,Marceline,11
2025-10-11,Windsor (Imperial),2,Marquette,14
2025-10-11,Sherwood,9,Marshall,11
2025-10-11,St. Joseph's Academy,4,Nixa,0
2025-10-11,Incarnate Word Academy,3,Notre Dame (Cape Girardeau),10
2025-10-11,Sherwood,1,Odessa,16
2025-10-11,Marshall,9,Odessa,25
2025-10-11,Rockwood Summit,11,Owensville,1
2025-10-11,Van-Far,3,Ozark,4
2025-10-11,Willard,3,Ozark,4
2025-10-11,Summit Christian Academy,4,Pleasant Hill,3
2025-10-11,Princeton,1,Putnam County,0
2025-10-11,Marceline,10,Putnam County,3
2025-10-11,Gallatin,7,Putnam County,8
2025-10-11,Maysville,0,Putnam County,4
2025-10-11,Willard,9,Rolla,3
2025-10-11,Van-Far,4,Rolla,8
2025-10-11,Higbee,5,Worth County,3
2025-10-11,Cuba,1,Webb City,16
2025-10-11,St. Joseph's Academy,5,Webb City,8
2025-10-13,East Buchanan,0,Albany,15
2025-10-13,Carl Junction,12,Aurora,1
2025-10-13,Lee's Summit,2,Blue Springs,3
2025-10-13,Jefferson City,7,Camdenton,0
2025-10-13,Union,7,Capital City,5
2025-10-13,Bowling Green,2,Centralia,9
2025-10-13,Parkway Central,0,Cor Jesu Academy,12
2025-10-13,Van-Far,25,Crocker,9
2025-10-13,Newburg,15,Cuba,2
2025-10-13,North Point,3,Elsberry,4
2025-10-13,William Chrisman,0,Excelsior Springs,13
2025-10-13,Webster Groves,3,Fox,5
2025-10-13,Ritenour,1,Francis Howell North,12
2025-10-13,Ft. Zumwalt West,21,Ft. Zumwalt East,14
2025-10-13,Warrenton,1,Ft. Zumwalt North,14
2025-10-13,Marshall,7,Fulton,14
2025-10-13,Lebanon,5,Glendale,6
2025-10-13,Mercer,1,Green City,11
2025-10-13,Pleasant Hill,14,Harrisonville,1
2025-10-13,Maplewood-Richmond Hts.,0,Hazelwood West,15
2025-10-13,Scotland County,11,Highland,22
2025-10-13,Monett,6,Hillcrest,2
2025-10-13,St. Charles,8,Holt,4
2025-10-13,Kelly,1,Jackson,4
2025-10-13,Webb City,8,Joplin,0
2025-10-13,Liberty North,3,Kearney,12
2025-10-13,Mehlville,0,Kirkwood,10
2025-10-13,Richmond,10,Knob Noster,6
2025-10-13,Staley,9,Lee's Summit North,0
2025-10-13,St. Michael the Archangel,6,Lexington,7
2025-10-13,Washington,1,Liberty (Wentzville),7
2025-10-13,Hartville,3,Logan-Rogersville,5
2025-10-13,Father Tolton,2,Macon,0
2025-10-13,Hillsboro,4,Marquette,5
2025-10-13,DeKalb,19,Maryville,1
2025-10-13,Princeton,9,Maysville,6
2025-10-13,Mark Twain,1,Moberly,2
2025-10-13,Fatima,6,Montgomery County,1
2025-10-13,Louisiana,2,Montgomery County,3
2025-10-13,Fredericktown,8,Neelyville,7
2025-10-13,Clinton,9,Nevada,2
2025-10-13,California,1,New Bloomfield,11
2025-10-13,Higbee,1,New Franklin,16
2025-10-13,Harrisburg,4,North Shelby,3
2025-10-13,South Shelby,0,Northeast (Cairo),9
2025-10-13,St. Teresa's Academy,23,Notre Dame de Sion,10
2025-10-13,Southern Boone,15,Osage,0
2025-10-13,Wright City,10,Owensville,5
2025-10-13,Hannibal,0,Palmyra,8
2025-10-13,Fort Osage,0,Park Hill,4
2025-10-13,Lindbergh,3,Parkway West,4
2025-10-13,Cameron,12,Penney,11
2025-10-13,North Platte,2,Platte County,4
2025-10-13,Savannah,17,Plattsburg,2
2025-10-13,Parkview,0,Republic,15
2025-10-13,Wheatland,15,Richland,0
2025-10-13,Pacific,9,Rockwood Summit,19
2025-10-13,Oak Park,17,Ruskin,0
2025-10-13,Jamestown,1,Russellville,2
2025-10-13,Francis Howell Central,7,Seckman,1
2025-10-13,Oak Grove,2,Savannah,9
2025-10-13,Lee's Summit West,11,Smithville,1
2025-10-13,Hallsville,5,South Callaway,3
2025-10-13,Eureka,8,St. Dominic,0
2025-10-13,Oakville,3,St. Joseph's Academy,0
2025-10-13,Central (Cape Girardeau),6,St. Pius X (Festus),7
2025-10-13,Windsor (Imperial),1,Webb City,0
2025-10-13,Chillicothe,8,Trenton,0
2025-10-13,Silex,0,Troy Buchanan,2
2025-10-13,North Kansas City,0,St. Charles,15
2025-10-13,Incarnate Word Academy,15,Valley Park,7
2025-10-13,Ozark,12,Waynesville,1
2025-10-13,North Andrew,0,West Platte,10
2025-10-13,Glasgow,11,Westran,1
2025-10-13,Carthage,2,Willard,8
2025-10-13,Timberland,0,Winfield,10
2025-10-13,Lincoln College Prep,2,Winnetonka,17
2025-10-13,Mid-Buchanan,12,Worth County,1
2025-10-14,Pacific,18,Affton,1
2025-10-14,Louisiana,10,Canton,4
2025-10-14,Elsberry,11,Community,1
2025-10-14,Chaffee,8,Festus,4
2025-10-14,Lee's Summit North,0,Grain Valley,12
2025-10-14,Ladue Horton Watkins,0,Hazelwood West,7
2025-10-14,Rolla,11,Iberia,6
2025-10-14,Ursuline Academy,4,Kirkwood,20
2025-10-14,St. Pius X (Kansas City),1,Lawson,16
2025-10-14,West Plains,8,Lebanon,9
2025-10-14,Oak Park,0,Liberty,14
2025-10-14,Raytown South,0,Lincoln College Prep,15
2025-10-14,North Platte,5,Maryville,0
2025-10-14,Mercer,0,North Harrison,15
2025-10-14,Walnut Grove,20,Parkview,0
2025-10-14,Oakville,1,Parkway Central,0
2025-10-14,Parkway West,14,Parkway South,2
2025-10-14,Parkway North,28,Pattonville,8
2025-10-14,Oak Grove,0,Pleasant Hill,1
2025-10-14,Princeton,14,Putnam County,3
2025-10-14,Dixon,1,Russellville,9
2025-10-14,Novinger,2,Scotland County,17
2025-10-14,Marion C. Early,19,Sherwood,0
2025-10-14,Ft. Zumwalt North,15,St. Joseph's Academy,1
2025-10-14,Blue Springs,3,St. Charles,8
2025-10-14,Bolivar,16,Waynesville,6
2025-10-14,Branson,7,Willard,14
2025-10-15,Richland,2,Naylor,9
2025-10-15,Neelyville,20,Newburg,0
2025-10-15,Weaubleau,25,Climax Springs,24
2025-10-15,Van-Far,20,Madison,0
2025-10-15,Jamestown,13,Worth County,0
2025-10-15,Madison,11,Pilot Grove,9
2025-10-15,Marion County,0,Scotland County,14
2025-10-15,Knox County,16,Wellsville-Middletown,1
2025-10-15,Atlanta,14,Bevier,2
2025-10-15,Brashear,15,Linn County,0
2025-10-15,Russellville,12,Eugene,2
2025-10-15,New Bloomfield,11,South Callaway,1
2025-10-15,Hartville,5,Dixon,3
2025-10-15,Iberia,13,Sherwood,3
2025-10-15,Palmyra,10,Mark Twain,5
2025-10-15,Monroe City,3,Clark County,5
2025-10-15,Penney,3,Brookfield,2
2025-10-15,Marceline,10,Milan,0
2025-10-15,Lexington,10,Westran,9
2025-10-15,Harrisburg,8,Lafayette County,1
2025-10-15,Fayette,11,Schuyler County,2
2025-10-15,Wright City,15,St. James,0
2025-10-15,Webb City,17,Cuba,2
2025-10-15,Owensville,15,St. Clair,0
2025-10-15,STEAM Academy,0,Maplewood-Richmond Hts.,19
2025-10-15,Orchard Farm,22,Normandy Collaborative,1
2025-10-15,Centralia,1,Hallsville,3
2025-10-15,Kirksville,3,Mexico,6
2025-10-15,Winfield,2,Bowling Green,3
2025-10-15,Macon,7,Moberly,5
2025-10-15,Boonville,14,Fulton,13
2025-10-15,Eldon,11,Knob Noster,1
2025-10-15,California,4,Osage,2
2025-10-15,Seneca,4,Monett,3
2025-10-15,Cassville,17,Nevada,0
2025-10-15,Aurora,4,Clinton,7
2025-10-15,Chillicothe,15,Richmond,0
2025-10-15,Festus,15,Sikeston,0
2025-10-15,Windsor (Imperial),8,DeSoto,0
2025-10-15,Notre Dame (Cape Girardeau),16,Central (Cape Girardeau),0
2025-10-15,Hillsboro,7,Poplar Bluff,1
2025-10-15,Westminster Christian Academy,15,Mehlville,0
2025-10-15,Rockwood Summit,17,Ursuline Academy,0
2025-10-15,Union,13,Ft. Zumwalt South,7
2025-10-15,Marshall,12,Hannibal,14
2025-10-15,Jefferson City,8,Warrenton,0
2025-10-15,Capital City,19,Warrensburg,4
2025-10-15,Willard,16,Parkview,0
2025-10-15,Camdenton,13,West Plains,7
2025-10-15,Marshfield,15,Lebanon,1
2025-10-15,Bolivar,15,Hillcrest,5
2025-10-15,Webb City,20,Ruskin,0
2025-10-15,Belton,15,Raytown,0
2025-10-15,Carl Junction,20,Raytown South,0
2025-10-15,McDonald County,17,Grandview,2
2025-10-15,Winnetonka,16,William Chrisman,1
2025-10-15,Platte County,15,Lincoln College Prep,0
2025-10-15,Smithville,7,St. Teresa's Academy,3
2025-10-15,Eureka,10,St. Joseph's Academy,0
2025-10-15,Marquette,7,Parkway South,2
2025-10-15,Parkway West,10,Ladue Horton Watkins,0
2025-10-15,Lafayette (Wildwood),17,Ritenour,2
2025-10-15,Ft. Zumwalt West,15,Pattonville,0
2025-10-15,Francis Howell,4,Liberty (Wentzville),1
2025-10-15,Francis Howell Central,9,Hazelwood West,0
2025-10-15,Francis Howell North,10,Ft. Zumwalt North,0
2025-10-15,Timberland,6,Hickman,2
2025-10-15,Troy Buchanan,5,North Point,2
2025-10-15,Doniphan,2,Chaffee,8
2025-10-16,Halfway,11,Naylor,1
2025-10-16,Westran,5,Van Buren,21
2025-10-16,Norwood,4,Neelyville,15
2025-10-16,Marion C. Early,11,Crocker,1
2025-10-16,Wheatland,10,Weaubleau,0
2025-10-16,Walnut Grove,8,Macks Creek,9
2025-10-16,Northeast (Cairo),15,Higbee,0
2025-10-16,Glasgow,12,New Franklin,5
2025-10-16,North Shelby,11,Scotland County,1
2025-10-16,Van-Far,5,Clopton,9
2025-10-16,Silex,10,Knox County,0
2025-10-16,Canton,7,Community,18
2025-10-16,Schuyler County,3,Atlanta,9
2025-10-16,Putnam County,1,Brashear,0
2025-10-16,La Plata,13,Green City,3
2025-10-16,Worth County,14,North Harrison,4
2025-10-16,Jefferson (Festus),5,East Carter,14
2025-10-16,Kelly,16,Hancock,0
2025-10-16,St. Clair,6,St. Pius X (Festus),2
2025-10-16,Louisiana,5,Hermann,4
2025-10-16,North Callaway,7,Valley Park,1
2025-10-16,Linn,4,Russellville,1
2025-10-16,New Bloomfield,4,Fatima,1
2025-10-16,Holden,8,Hartville,1
2025-10-16,Highland,16,Palmyra,6
2025-10-16,St. Elizabeth,10,Penney,0
2025-10-16,Trenton,1,Marceline,12
2025-10-16,Lawson,3,North Platte,2
2025-10-16,West Platte,15,East Buchanan,0
2025-10-16,Lathrop,7,Plattsburg,1
2025-10-16,Carrollton,14,Lexington,10
2025-10-16,Harrisburg,7,Fayette,0
2025-10-16,Fredericktown,20,Affton,0
2025-10-16,Mexico,9,Hallsville,8
2025-10-16,Macon,3,Bowling Green,0
2025-10-16,Southern Boone,11,Boonville,0
2025-10-16,Eldon,0,California,7
2025-10-16,Logan-Rogersville,0,Seneca,2
2025-10-16,Cassville,4,Clinton,1
2025-10-16,Oak Grove,15,Notre Dame de Sion,0
2025-10-16,Summit Christian Academy,3,St. Michael the Archangel,0
2025-10-16,Pleasant Hill,11,Harrisonville,1
2025-10-16,Odessa,11,St. Pius X (Kansas City),1
2025-10-16,Savannah,17,Maryville,0
2025-10-16,Excelsior Springs,10,Cameron,2
2025-10-16,Festus,5,Windsor (Imperial),11
2025-10-16,Notre Dame (Cape Girardeau),2,Hillsboro,9
2025-10-16,St. Joseph's Academy,16,Holt,5
2025-10-16,Washington,11,Pacific,0
2025-10-16,St. Charles,17,Parkway North,2
2025-10-16,Incarnate Word Academy,15,Clayton,0
2025-10-16,Ft. Zumwalt East,15,University City,0
2025-10-16,Willard,17,Camdenton,2
2025-10-16,Marshfield,17,Bolivar,7
2025-10-16,Lindbergh,16,Farmington,2
2025-10-16,Oakville,5,Seckman,10
2025-10-16,Jackson,10,Northwest (Cedar Hill),0
2025-10-16,Fox,0,Kirkwood,3
2025-10-16,Eureka,2,Marquette,0
2025-10-16,Parkway West,4,Lafayette (Wildwood),9
2025-10-16,Ft. Zumwalt West,8,Francis Howell,3
2025-10-16,Francis Howell Central,1,Francis Howell North,0
2025-10-16,Helias Catholic,3,Troy Buchanan,1
2025-10-16,Kickapoo,12,Waynesville,1
2025-10-16,Ozark,6,Rolla,3
2025-10-16,Nixa,8,Glendale,2
2025-10-16,Republic,13,Branson,1
2025-10-16,Lee's Summit West,4,Savannah,0
2025-10-16,Lee's Summit,8,Carthage,2
2025-10-16,Fort Osage,1,Lee's Summit North,2
2025-10-16,Grain Valley,15,North Kansas City,0
2025-10-16,Blue Springs,12,St. Charles,2
2025-10-16,Staley,15,Park Hill South,5
2025-10-16,Liberty North,9,Central (St. Joseph),0
2025-10-16,Liberty,11,Oak Park,0
2025-10-17,Halfway,9,Van Buren,1
2025-10-17,Marion C. Early,15,Neelyville,5
2025-10-17,Wheatland,17,Macks Creek,0
2025-10-17,Van-Far,2,Jamestown,0
2025-10-17,Northeast (Cairo),8,Glasgow,2
2025-10-17,Chaffee,17,East Carter,2
2025-10-17,Kelly,3,St. Clair,1
2025-10-17,Holden,11,Iberia,0
2025-10-17,Westminster Christian Academy,4,Rockwood Summit,3
2025-10-17,Parkway Central,11,St. Charles,0
2025-10-17,Incarnate Word Academy,13,Ft. Zumwalt East,5
2025-10-17,Father Tolton,10,Hannibal,0
2025-10-17,Jefferson City,4,Capital City,3
2025-10-17,Webb City,3,Belton,7
2025-10-17,Carl Junction,3,McDonald County,13
2025-10-17,Rock Bridge,4,Timberland,1
2025-10-18,North Shelby,3,Clopton,0
2025-10-18,Silex,8,Community,3
2025-10-18,DeKalb,8,Northeast Nodaway,5
2025-10-18,Maysville,3,North Andrew,5
2025-10-18,Chillicothe,4,Benton,1
2025-10-18,Savannah,4,Excelsior Springs,3
2025-10-18,Kearney,10,Winnetonka,0
2025-10-18,Platte County,4,Smithville,1
2025-10-18,Blue Springs South,9,Lee's Summit North,6
2025-10-18,Grain Valley,6,Blue Springs,5
2025-10-18,Park Hill,9,Staley,2
2025-10-18,Liberty North,13,Liberty,3
2025-10-20,Halfway,8,Marion C. Early,5
2025-10-20,Van-Far,7,Northeast (Cairo),3
2025-10-20,Novinger,10,Atlanta,14
2025-10-20,Putnam County,3,La Plata,4
2025-10-20,DeKalb,2,Stanberry,3
2025-10-20,Bishop LeBlond,8,North Andrew,7
2025-10-20,Princeton,14,Worth County,2
2025-10-20,Elsberry,10,Louisiana,0
2025-10-20,Montgomery County,2,North Callaway,0
2025-10-20,Linn,0,New Bloomfield,1
2025-10-20,St. Elizabeth,11,Marceline,6
2025-10-20,Mid-Buchanan,10,Lawson,0
2025-10-20,West Platte,8,Lathrop,10
2025-10-20,Carrollton,11,Harrisburg,5
2025-10-20,Fredericktown,9,North County,19
2025-10-20,Blair Oaks,4,Wright City,3
2025-10-20,Webb City,4,Owensville,5
2025-10-20,Macon,9,Mexico,8
2025-10-20,Southern Boone,4,California,1
2025-10-20,Cassville,4,Seneca,0
2025-10-20,Oak Grove,1,Summit Christian Academy,0
2025-10-20,Pleasant Hill,4,Odessa,7
2025-10-20,Chillicothe,6,Savannah,5
2025-10-20,Hillsboro,2,Windsor (Imperial),6
2025-10-20,Cor Jesu Academy,9,Westminster Christian Academy,11
2025-10-20,St. Dominic,5,Union,4
2025-10-20,St. Joseph's Academy,5,Washington,1
2025-10-20,Parkway Central,3,Incarnate Word Academy,10
2025-10-20,Willard,3,Marshfield,5
2025-10-20,McDonald County,7,Belton,8
2025-10-20,Lindbergh,1,Seckman,0
2025-10-20,Jackson,9,Kirkwood,1
2025-10-20,Eureka,6,Lafayette (Wildwood),5
2025-10-20,Ft. Zumwalt West,2,Francis Howell Central,4
2025-10-20,Rock Bridge,1,Helias Catholic,0
2025-10-20,Kickapoo,8,Ozark,9
2025-10-20,Nixa,2,Republic,10
2025-10-20,Raymore-Peculiar,4,Lee's Summit West,3
2025-10-20,Blue Springs South,4,Grain Valley,7
2025-10-21,North Shelby,2,Silex,5
2025-10-21,La Plata,13,Atlanta,3
2025-10-21,Stanberry,10,Bishop LeBlond,0
2025-10-21,Chaffee,8,Kelly,1
2025-10-21,Mid-Buchanan,6,Lathrop,3
2025-10-21,Doniphan,9,North County,2
2025-10-21,Blair Oaks,17,Owensville,2
2025-10-21,Oak Grove,4,Odessa,7
2025-10-21,St. Dominic,1,St. Joseph's Academy,4
2025-10-21,Father Tolton,3,Jefferson City,2
2025-10-21,Kearney,9,Platte County,0
2025-10-21,Lindbergh,5,Jackson,2
2025-10-21,Republic,5,Ozark,4
2025-10-21,Park Hill,7,Liberty North,10
2025-10-22,Albany,2,Princeton,3
2025-10-22,Elsberry,0,Montgomery County,1
2025-10-25,Wheatland,5,Halfway,8
2025-10-25,Gallatin,6,La Plata,2
2025-10-25,Silex,0,Van-Far,2
2025-10-25,Princeton,11,Stanberry,3
2025-10-25,Montgomery County,7,Chaffee,5
2025-10-25,St. Elizabeth,9,Highland,5
2025-10-25,Holden,16,New Bloomfield,3
2025-10-25,Carrollton,2,Mid-Buchanan,17
2025-10-25,Blair Oaks,5,Doniphan,6
2025-10-25,Cassville,2,Southern Boone,0
2025-10-25,Chillicothe,10,Odessa,1
2025-10-25,Westminster Christian Academy,3,Windsor (Imperial),7
2025-10-25,Marshfield,1,Father Tolton,4
2025-10-25,Incarnate Word Academy,2,St. Joseph's Academy,10
2025-10-25,Kearney,7,Belton,0
2025-10-25,Eureka,2,Lindbergh,5
2025-10-25,Rock Bridge,6,Francis Howell Central,1
2025-10-25,Liberty North,1,Grain Valley,2
2025-10-27,Raymore-Peculiar,2,Republic,1
2025-10-30,St. Joseph's Academy,6,Windsor (Imperial),3
2025-10-30,Father Tolton,12,Windsor (Imperial),0
2025-10-30,Kearney,9,St. Joseph's Academy,0
2025-10-30,Grain Valley,0,Lindbergh,5
2025-10-30,Raymore-Peculiar,9,Lindbergh,1
2025-10-30,Grain Valley,6,Rock Bridge,8
2025-10-31,Princeton,2,Halfway,6
2025-10-31,Gallatin,10,Halfway,0
2025-10-31,Princeton,3,Van-Far,5
2025-10-31,Mid-Buchanan,6,Montgomery County,0
2025-10-31,St. Elizabeth,16,Montgomery County,0
2025-10-31,Mid-Buchanan,2,Holden,3
2025-10-31,Macon,6,Cassville,5
2025-10-31,Cassville,3,Doniphan,13
2025-10-31,Chillicothe,9,Macon,3
2025-10-31,Kearney,1,Father Tolton,2
2025-10-31,Rock Bridge,4,Raymore-Peculiar,6
2025-11-01,Van-Far,4,Gallatin,1
2025-11-01,Holden,4,St. Elizabeth,1
2025-11-01,Chillicothe,1,Doniphan,0
